Time (s),Altitude (m),Velocity (m/s),Angular Velocity (rad/s),Fin Cant Angle (deg),Angular Position (deg)
0.000000000000000000e+00,1.000000000000000000e+01,0.000000000000000000e+00,-5.087991684296636547e-11,0.000000000000000000e+00,2.778715784429896225e-12
2.500000000000000052e-03,9.999986431466448167e+00,-1.929796214982828703e-02,-1.507866926127607221e-10,0.000000000000000000e+00,1.951667935778299249e-11
5.000000000000000104e-03,9.999930498600569706e+00,-2.825286190300590333e-02,-7.464381992057682703e-10,0.000000000000000000e+00,1.338021985968741769e-10
7.499999999999999722e-03,9.999858039357508943e+00,-2.689645140512941096e-02,-9.193980001685524560e-10,0.000000000000000000e+00,4.941682734557780066e-10
1.000000000000000021e-02,9.999794815902024681e+00,-1.525444275660998474e-02,1.680273032444441012e-09,0.000000000000000000e+00,1.252013866881581590e-09
1.250000000000000069e-02,9.999766529687109440e+00,6.653471350986558605e-03,2.129106908431828916e-09,0.000000000000000000e+00,2.467177749283852524e-09
1.500000000000000118e-02,9.999798836116681855e+00,3.881295120002199034e-02,5.739762011306628246e-09,0.000000000000000000e+00,4.230489520316315386e-09
1.750000000000000167e-02,9.999917357567536413e+00,8.121438947986453494e-02,1.017200471156240327e-08,0.000000000000000000e+00,6.581170143177262911e-09
2.000000000000000042e-02,1.000014769488294597e+01,1.338523316420727194e-01,4.438498427133392520e-09,0.000000000000000000e+00,9.541154324231629461e-09
2.249999999999999917e-02,1.000051543744240945e+01,1.967249377826068291e-01,-5.335185465334478360e-09,0.000000000000000000e+00,1.336063705309822047e-08
2.499999999999999792e-02,1.000104699141973441e+01,2.666633263553708777e-01,-1.551470015169892955e-08,0.000000000000000000e+00,1.848772078191497987e-08
2.749999999999999667e-02,1.000175354976668274e+01,3.370654185941486247e-01,-1.500826132244008326e-08,0.000000000000000000e+00,2.537776313058133337e-08
2.999999999999999542e-02,1.000263627458959803e+01,4.077546285175709939e-01,-1.784156175247235383e-08,0.000000000000000000e+00,3.432762788239786151e-08
3.249999999999999417e-02,1.000369588772998775e+01,4.787389037327309249e-01,2.810854370168403938e-10,0.000000000000000000e+00,4.560022267848642313e-08
3.499999999999999639e-02,1.000493313189627465e+01,5.500278082592729989e-01,1.512164606619330971e-08,0.000000000000000000e+00,5.900988785144959281e-08
3.749999999999999861e-02,1.000634877451980920e+01,6.216322059501525610e-01,1.284365315835920290e-08,0.000000000000000000e+00,7.444301014663761277e-08
4.000000000000000083e-02,1.000794361083348250e+01,6.935639701923570488e-01,6.991027666016915828e-09,0.000000000000000000e+00,9.212804741727977128e-08
4.250000000000000305e-02,1.000971846624018546e+01,7.658357192739415620e-01,1.200939410326118448e-08,0.000000000000000000e+00,1.122553690450821873e-07
4.500000000000000527e-02,1.001167419803275216e+01,8.384605741286461633e-01,3.803953074983647000e-08,0.000000000000000000e+00,1.348563975193826410e-07
4.750000000000000749e-02,1.001381169652040271e+01,9.114519380614810595e-01,5.739940048595281250e-08,0.000000000000000000e+00,1.597569780771957956e-07
5.000000000000000971e-02,1.001613188561685774e+01,9.848232962829900350e-01,4.020678481564610296e-08,0.000000000000000000e+00,1.868832378106578910e-07
5.250000000000001193e-02,1.001863572006268832e+01,1.058532036957165801e+00,4.830934250937833323e-08,0.000000000000000000e+00,2.164141646057288587e-07
5.500000000000001416e-02,1.002132398887179932e+01,1.132527089311635926e+00,6.371431030509464704e-08,0.000000000000000000e+00,2.483762885525849049e-07
5.750000000000001638e-02,1.002419740822980643e+01,1.206809229414958162e+00,8.717061480565060623e-08,0.000000000000000000e+00,2.828061651310339201e-07
6.000000000000001860e-02,1.002725669632814487e+01,1.281379344675645848e+00,1.047685614381424552e-07,0.000000000000000000e+00,3.195309185854842589e-07
6.250000000000001388e-02,1.003050257363654296e+01,1.356238423542446059e+00,9.966156797746845104e-08,0.000000000000000000e+00,3.584364398551147254e-07
6.500000000000001610e-02,1.003393576314990732e+01,1.431387545559748897e+00,9.127401982746127496e-08,0.000000000000000000e+00,3.996978035868203331e-07
6.750000000000001832e-02,1.003755699061065343e+01,1.506827871998468682e+00,1.045962680415068231e-07,0.000000000000000000e+00,4.434547895828638305e-07
7.000000000000002054e-02,1.004136698470771094e+01,1.582560636785077746e+00,9.855699923437272945e-08,0.000000000000000000e+00,4.896772682463399094e-07
7.250000000000002276e-02,1.004536647725324983e+01,1.658587137784297338e+00,7.362608814801371548e-08,0.000000000000000000e+00,5.385572547322629123e-07
7.500000000000002498e-02,1.004955620333767108e+01,1.734908728316778559e+00,7.038831477576840815e-08,0.000000000000000000e+00,5.903584813511091815e-07
7.750000000000002720e-02,1.005393690146340369e+01,1.811526808947734768e+00,8.761469074575649454e-08,0.000000000000000000e+00,6.451565468179433002e-07
8.000000000000002942e-02,1.005850931365870338e+01,1.888442819761142921e+00,4.082414731841647269e-08,0.000000000000000000e+00,7.029598954633306013e-07
8.250000000000003164e-02,1.006327418557197539e+01,1.965658232820590046e+00,2.295600413534665200e-08,0.000000000000000000e+00,7.641927626173478168e-07
8.500000000000003386e-02,1.006823226654772618e+01,2.043174544975381757e+00,8.192800392312107494e-09,0.000000000000000000e+00,8.290292535278387946e-07
8.750000000000003608e-02,1.007338430968424703e+01,2.120993270794852226e+00,2.827001819110303413e-08,0.000000000000000000e+00,8.976525245534124089e-07
9.000000000000003830e-02,1.007873107187439032e+01,2.199115936071829758e+00,5.389372826556387268e-08,0.000000000000000000e+00,9.700403441799420381e-07
9.250000000000004052e-02,1.008427331382974046e+01,2.277544071354949295e+00,5.954834216058251263e-08,0.000000000000000000e+00,1.046177957950261080e-06
9.500000000000004274e-02,1.009001180008910126e+01,2.356279205872510385e+00,7.604943807621316146e-08,0.000000000000000000e+00,1.126092404385403041e-06
9.750000000000004496e-02,1.009594729901166232e+01,2.435322861529548355e+00,8.635237856257117198e-08,0.000000000000000000e+00,1.209786157273887380e-06
1.000000000000000472e-01,1.010208058275551224e+01,2.514676547272405749e+00,1.026019028332577395e-07,0.000000000000000000e+00,1.297186783698362638e-06
1.025000000000000494e-01,1.010841243189563343e+01,2.594420299724629508e+00,1.081676897197938843e-07,0.000000000000000000e+00,1.388300161740593688e-06
1.050000000000000516e-01,1.011494390723160919e+01,2.674637217650474685e+00,1.194052832009069213e-07,0.000000000000000000e+00,1.483164383265483967e-06
1.075000000000000538e-01,1.012167619510116090e+01,2.755333114128181382e+00,1.804705512762571894e-07,0.000000000000000000e+00,1.581686594370726737e-06
1.100000000000000561e-01,1.012861049609355391e+01,2.836513291306547391e+00,1.906032264845550728e-07,0.000000000000000000e+00,1.683587433358370437e-06
1.125000000000000583e-01,1.013574802375460315e+01,2.918182510787530770e+00,2.391709273781598888e-07,0.000000000000000000e+00,1.788807459631309520e-06
1.150000000000000605e-01,1.014309000321940779e+01,3.000344966874255004e+00,2.418001919057660655e-07,0.000000000000000000e+00,1.897091611744150813e-06
1.175000000000000627e-01,1.015063766977963589e+01,3.083004262492775371e+00,2.139864285250761065e-07,0.000000000000000000e+00,2.008441146908935470e-06
1.200000000000000649e-01,1.015839226739225154e+01,3.166163387787625183e+00,2.063183143691111859e-07,0.000000000000000000e+00,2.122969641574014461e-06
1.225000000000000672e-01,1.016635504713607752e+01,3.249824701003586114e+00,1.900668312917359079e-07,0.000000000000000000e+00,2.240693185968907590e-06
1.250000000000000555e-01,1.017452725557561699e+01,3.334018864017368688e+00,1.751234861749344740e-07,0.000000000000000000e+00,2.361630427150768389e-06
1.275000000000000577e-01,1.018291030427285015e+01,3.418854933126255435e+00,1.441651980104819776e-07,0.000000000000000000e+00,2.485798803974121754e-06
1.300000000000000600e-01,1.019150581131777678e+01,3.504330317580275800e+00,1.676903985767731649e-07,0.000000000000000000e+00,2.613284141055148196e-06
1.325000000000000622e-01,1.020031536138027306e+01,3.590421017360026390e+00,1.926561208465302464e-07,0.000000000000000000e+00,2.743911880331793818e-06
1.350000000000000644e-01,1.020934047942935052e+01,3.677103634173789715e+00,2.032036969591663254e-07,0.000000000000000000e+00,2.877546927483570744e-06
1.375000000000000666e-01,1.021858263228399011e+01,3.764355448103361645e+00,1.965942675836280237e-07,0.000000000000000000e+00,3.014116931740868145e-06
1.400000000000000688e-01,1.022804323035480500e+01,3.852154491852886053e+00,1.997648947776205312e-07,0.000000000000000000e+00,3.153603212755149752e-06
1.425000000000000711e-01,1.023772362956871795e+01,3.940479619904369457e+00,1.799571273567380757e-07,0.000000000000000000e+00,3.295920778377919266e-06
1.450000000000000733e-01,1.024762513346296622e+01,4.029310568020188832e+00,1.777420144851456666e-07,0.000000000000000000e+00,3.441112353238888060e-06
1.475000000000000755e-01,1.025774899541475982e+01,4.118627990003695949e+00,1.667043317392129237e-07,0.000000000000000000e+00,3.589161691020844137e-06
1.500000000000000777e-01,1.026809642096590913e+01,4.208413518378231188e+00,1.723877578340985558e-07,0.000000000000000000e+00,3.740062102953319855e-06
1.525000000000000799e-01,1.027866856446026134e+01,4.298562346288496094e+00,1.496764071492511133e-07,0.000000000000000000e+00,3.893790457007430489e-06
1.550000000000000822e-01,1.028946623247111525e+01,4.388975877230171463e+00,1.409201411611070720e-07,0.000000000000000000e+00,4.050433669735035136e-06
1.575000000000000844e-01,1.030049008193578430e+01,4.479645413648672303e+00,1.335758037636890920e-07,0.000000000000000000e+00,4.210037415114722372e-06
1.600000000000000866e-01,1.031174074780569505e+01,4.570561822694085841e+00,1.462680077120097235e-07,0.000000000000000000e+00,4.372644573730651550e-06
1.625000000000000888e-01,1.032321884194989003e+01,4.661715521504294912e+00,1.430593866220073502e-07,0.000000000000000000e+00,4.538251862194271560e-06
1.650000000000000910e-01,1.033492495202309591e+01,4.753096460266225343e+00,1.369087075314563648e-07,0.000000000000000000e+00,4.706874576782236498e-06
1.675000000000000933e-01,1.034685964027975302e+01,4.844694103272195740e+00,1.520720123501578392e-07,0.000000000000000000e+00,4.878566923041821138e-06
1.700000000000000955e-01,1.035902344236813200e+01,4.936497431584878193e+00,1.529552920778339461e-07,0.000000000000000000e+00,5.053333206598726016e-06
1.725000000000000977e-01,1.037141686610889124e+01,5.028494921607983947e+00,1.384520269926095250e-07,0.000000000000000000e+00,5.231188895932921289e-06
1.750000000000000999e-01,1.038404039022463010e+01,5.120674530675453084e+00,1.647284542225631713e-07,0.000000000000000000e+00,5.412215064405874519e-06
1.775000000000001021e-01,1.039689446303514408e+01,5.213023684472907426e+00,2.103676660791743939e-07,0.000000000000000000e+00,5.596389838622327060e-06
1.800000000000001044e-01,1.040997950112153880e+01,5.305529264993003480e+00,2.393127795342385154e-07,0.000000000000000000e+00,5.783634889740069437e-06
1.825000000000001066e-01,1.042329588796055262e+01,5.398177599090683287e+00,2.614920194422606900e-07,0.000000000000000000e+00,5.973907599546378419e-06
1.850000000000001088e-01,1.043684397253064589e+01,5.490954447626662294e+00,2.893204655030084431e-07,0.000000000000000000e+00,6.167228152831434474e-06
1.875000000000001110e-01,1.045062406789126541e+01,5.583844995264763966e+00,2.920089723863346476e-07,0.000000000000000000e+00,6.363575175203938208e-06
1.900000000000001132e-01,1.046463644973706941e+01,5.676833841027564276e+00,3.223902587493614721e-07,0.000000000000000000e+00,6.562998326242341798e-06
1.925000000000001155e-01,1.047888135492891237e+01,5.769904989580323829e+00,2.966003254037797689e-07,0.000000000000000000e+00,6.765499822127285601e-06
1.950000000000001177e-01,1.049335898000354028e+01,5.863041843320134561e+00,3.141528735885782969e-07,0.000000000000000000e+00,6.971213757391261554e-06
1.975000000000001199e-01,1.050806947966397331e+01,5.956227195328369639e+00,3.395741449622415116e-07,0.000000000000000000e+00,7.180171414807170888e-06
2.000000000000001221e-01,1.052301296525272001e+01,6.049443223142344728e+00,3.453536154947520401e-07,0.000000000000000000e+00,7.392410707340988918e-06
2.025000000000001243e-01,1.053818951545520122e+01,6.142879979123400780e+00,3.714276853361593234e-07,0.000000000000000000e+00,7.607942244835361645e-06
2.050000000000001266e-01,1.055359989633664775e+01,6.236735606576886859e+00,3.445354485058707788e-07,0.000000000000000000e+00,7.826658438927915453e-06
2.075000000000001288e-01,1.056924515183004054e+01,6.331004343813058988e+00,3.461813169198768836e-07,0.000000000000000000e+00,8.048634543309899660e-06
2.100000000000001310e-01,1.058512631144855654e+01,6.425680404893951980e+00,3.783701032051256205e-07,0.000000000000000000e+00,8.273860122709215253e-06
2.125000000000001332e-01,1.060124445669813653e+01,6.520642078844557155e+00,3.953643275956975071e-07,0.000000000000000000e+00,8.502230928472852812e-06
2.150000000000001354e-01,1.061759992814345033e+01,6.615414079101307188e+00,3.386851357613681163e-07,0.000000000000000000e+00,8.733707142982698602e-06
2.175000000000001377e-01,1.063419219051649556e+01,6.709939702982767429e+00,3.351747817752870149e-07,0.000000000000000000e+00,8.968367827358853816e-06
2.200000000000001399e-01,1.065102062530674232e+01,6.804214407981080015e+00,2.932925291056270897e-07,0.000000000000000000e+00,9.206226160947711360e-06
2.225000000000001421e-01,1.066808460266142333e+01,6.898233679023086040e+00,2.788898413677792541e-07,0.000000000000000000e+00,9.447348517909540461e-06
2.250000000000001443e-01,1.068538348145572847e+01,6.991993031251496404e+00,2.910999598829511837e-07,0.000000000000000000e+00,9.691748361351218278e-06
2.275000000000001465e-01,1.070291660936998746e+01,7.085488012819700643e+00,3.061756775145729335e-07,0.000000000000000000e+00,9.939380872878159014e-06
2.300000000000001488e-01,1.072068332297382298e+01,7.178714207657405311e+00,2.930876498246315539e-07,0.000000000000000000e+00,1.019019663108678829e-05
2.325000000000001510e-01,1.073868294781718191e+01,7.271667238202951467e+00,2.676646270751526857e-07,0.000000000000000000e+00,1.044424499990417227e-05
2.350000000000001532e-01,1.075691479852819299e+01,7.364342768104132020e+00,2.672244490800240982e-07,0.000000000000000000e+00,1.070153043542025066e-05
2.375000000000001554e-01,1.077537817891773742e+01,7.456736504843636482e+00,2.664719842164094803e-07,0.000000000000000000e+00,1.096205205941988640e-05
2.400000000000001577e-01,1.079407238209056352e+01,7.548844202323597763e+00,3.176408308800017698e-07,0.000000000000000000e+00,1.122578910219555515e-05
2.425000000000001599e-01,1.081299669056280521e+01,7.640661663391901115e+00,3.587415563642113307e-07,0.000000000000000000e+00,1.149263080354358161e-05
2.450000000000001621e-01,1.083215037638578870e+01,7.732184742277896206e+00,3.486591579562115891e-07,0.000000000000000000e+00,1.176250360636596671e-05
2.475000000000001643e-01,1.085153270127589309e+01,7.823409346929086183e+00,3.849899108202699878e-07,0.000000000000000000e+00,1.203541108936711413e-05
2.500000000000001665e-01,1.087114291675016098e+01,7.914331441301466263e+00,3.860666584852169100e-07,0.000000000000000000e+00,1.231127967166695187e-05
2.525000000000001688e-01,1.089098026505383920e+01,8.004958224639667108e+00,3.940361628427960892e-07,0.000000000000000000e+00,1.259008965234030492e-05
2.550000000000001710e-01,1.091104401730244433e+01,8.095295687590178701e+00,3.738724812201176567e-07,0.000000000000000000e+00,1.287178579216226808e-05
2.575000000000001732e-01,1.093133344694719788e+01,8.185338124727776332e+00,4.255396657391267598e-07,0.000000000000000000e+00,1.315641438857576814e-05
2.600000000000001754e-01,1.095184781321937173e+01,8.275079961972764409e+00,4.526766543980154216e-07,0.000000000000000000e+00,1.344385506429349076e-05
2.625000000000001776e-01,1.097258636152579214e+01,8.364515795710889989e+00,4.462223060880166579e-07,0.000000000000000000e+00,1.373405273445042184e-05
2.650000000000001799e-01,1.099354832384601366e+01,8.453640368196975174e+00,4.385493304919318254e-07,0.000000000000000000e+00,1.402699919968920686e-05
2.675000000000001821e-01,1.101473291909776187e+01,8.542448568407852605e+00,4.784245888261935928e-07,0.000000000000000000e+00,1.432269612062963814e-05
2.700000000000001843e-01,1.103613935350447584e+01,8.630935433256688327e+00,4.612942397522898186e-07,0.000000000000000000e+00,1.462107086485094523e-05
2.725000000000001865e-01,1.105776682096587749e+01,8.719096148800293378e+00,4.503786145763847333e-07,0.000000000000000000e+00,1.492212422248152448e-05
2.750000000000001887e-01,1.107961450343161403e+01,8.806926051489529783e+00,4.500391500011232837e-07,0.000000000000000000e+00,1.522586859481681376e-05
2.775000000000001910e-01,1.110168157127799304e+01,8.894420629468939410e+00,4.231664430843580869e-07,0.000000000000000000e+00,1.553228015744304423e-05
2.800000000000001932e-01,1.112396718368801984e+01,8.981575523920026782e+00,4.456673829783229207e-07,0.000000000000000000e+00,1.584139535638576183e-05
2.825000000000001954e-01,1.114647048903482940e+01,9.068386530491219233e+00,4.608145106481086460e-07,0.000000000000000000e+00,1.615316360463105256e-05
2.850000000000001976e-01,1.116919062526870299e+01,9.154849600758076633e+00,4.636313468804371097e-07,0.000000000000000000e+00,1.646755401663936477e-05
2.875000000000001998e-01,1.119212672030777789e+01,9.240960843761426347e+00,4.650730825018541879e-07,0.000000000000000000e+00,1.678453053866279694e-05
2.900000000000002021e-01,1.121527789243262774e+01,9.326716527608319041e+00,4.704633886374926663e-07,0.000000000000000000e+00,1.710407342571563263e-05
2.925000000000002043e-01,1.123864360877797175e+01,9.411807961762958641e+00,4.999401814463504008e-07,0.000000000000000000e+00,1.742632750595486665e-05
2.950000000000002065e-01,1.126222107425118857e+01,9.496121101488881777e+00,5.085211512784516487e-07,0.000000000000000000e+00,1.775124387165168003e-05
2.975000000000002087e-01,1.128600913765574809e+01,9.580107372234506258e+00,5.257381392758392112e-07,0.000000000000000000e+00,1.807879667416501136e-05
3.000000000000002109e-01,1.131000698001146887e+01,9.663763583401438595e+00,5.728521275274449123e-07,0.000000000000000000e+00,1.840893727287982979e-05
3.025000000000002132e-01,1.133421378868452400e+01,9.747246390810168748e+00,6.345733647331319744e-07,0.000000000000000000e+00,1.874149921029629248e-05
3.050000000000002154e-01,1.135862928327708588e+01,9.830653218926782344e+00,6.830829789147921444e-07,0.000000000000000000e+00,1.907623123269675935e-05
3.075000000000002176e-01,1.138325320129393425e+01,9.913931944243833172e+00,7.787845072559431614e-07,0.000000000000000000e+00,1.941301971284055720e-05
3.100000000000002198e-01,1.140808529171603958e+01,9.997148314375557732e+00,8.784223739393415182e-07,0.000000000000000000e+00,1.975176933902766260e-05
3.125000000000002220e-01,1.143312538016902202e+01,1.008025174433927162e+01,8.406783531801830610e-07,0.000000000000000000e+00,2.009296838442703613e-05
3.150000000000002243e-01,1.145837312912080819e+01,1.016316915828640965e+01,7.607197809425891109e-07,0.000000000000000000e+00,2.043642671856362361e-05
3.175000000000002265e-01,1.148382806648857724e+01,1.024593941698500821e+01,7.434528845092379379e-07,0.000000000000000000e+00,2.078224083246544264e-05
3.200000000000002287e-01,1.150948987487832120e+01,1.032866995758758044e+01,7.170589576923918014e-07,0.000000000000000000e+00,2.113054475782710735e-05
3.225000000000002309e-01,1.153535852959799968e+01,1.041149947688646549e+01,7.346356220132706438e-07,0.000000000000000000e+00,2.148149921385586461e-05
3.250000000000002331e-01,1.156143435200467096e+01,1.049447520233674069e+01,8.614462321226515531e-07,0.000000000000000000e+00,2.183512887912988213e-05
3.275000000000002354e-01,1.158771769410702923e+01,1.057764376375287263e+01,9.383229539249432684e-07,0.000000000000000000e+00,2.219114688189963638e-05
3.300000000000002376e-01,1.161420910338623536e+01,1.066112040980943654e+01,9.689813355158800272e-07,0.000000000000000000e+00,2.254937179316866385e-05
3.325000000000002398e-01,1.164090941528077572e+01,1.074502029798283331e+01,9.118042014932641224e-07,0.000000000000000000e+00,2.290967198554537797e-05
3.350000000000002420e-01,1.166781975314609809e+01,1.082945874008800224e+01,1.005800730746849352e-06,0.000000000000000000e+00,2.327192120056208825e-05
3.375000000000002442e-01,1.169494152872389847e+01,1.091455129849667038e+01,1.088132296535891972e-06,0.000000000000000000e+00,2.363588948181056352e-05
3.400000000000002465e-01,1.172227644279034209e+01,1.100041379327605817e+01,1.061416759240144462e-06,0.000000000000000000e+00,2.400130133956615677e-05
3.425000000000002487e-01,1.174982648578462552e+01,1.108716225534232080e+01,1.196996844006752677e-06,0.000000000000000000e+00,2.436794260450007813e-05
3.450000000000002509e-01,1.177759393829782120e+01,1.117491284630905923e+01,1.070353957617764322e-06,0.000000000000000000e+00,2.473547170313198141e-05
3.475000000000002531e-01,1.180558137134683427e+01,1.126378175744841492e+01,7.860897848556668375e-07,0.000000000000000000e+00,2.510374240914848730e-05
3.500000000000002554e-01,1.183379164638694192e+01,1.135388509569060389e+01,6.681112311011981864e-07,0.000000000000000000e+00,2.547296307555546799e-05
3.525000000000002576e-01,1.186222788507975601e+01,1.144478258525913716e+01,4.356249703731632850e-07,0.000000000000000000e+00,2.584317213619441767e-05
3.550000000000002598e-01,1.189089152591342469e+01,1.153596766700894349e+01,6.065730380361488981e-07,0.000000000000000000e+00,2.621447067331728344e-05
3.575000000000002620e-01,1.191978329699745842e+01,1.162745644245313770e+01,8.783923221516621211e-07,0.000000000000000000e+00,2.658660910336135887e-05
3.600000000000002642e-01,1.194890396662614052e+01,1.171926488929567256e+01,1.312084349284921747e-06,0.000000000000000000e+00,2.695912536769874983e-05
3.625000000000002665e-01,1.197825434296480296e+01,1.181140885407615926e+01,1.234792799651027032e-06,0.000000000000000000e+00,2.733149910871547741e-05
3.650000000000002687e-01,1.200783527371789816e+01,1.190390404507803623e+01,1.453920132378897677e-06,0.000000000000000000e+00,2.770359438287494557e-05
3.675000000000002709e-01,1.203764764577926805e+01,1.199676602555818583e+01,1.390111743085462840e-06,0.000000000000000000e+00,2.807518032029114038e-05
3.700000000000002731e-01,1.206769238486618789e+01,1.209001020745477462e+01,1.460609235946679364e-06,0.000000000000000000e+00,2.844609869938027110e-05
3.725000000000002753e-01,1.209797045513740699e+01,1.218365184525761080e+01,2.073176060044460641e-06,0.000000000000000000e+00,2.881637316612637329e-05
3.750000000000002776e-01,1.212848285879622701e+01,1.227770603039433794e+01,2.402047589697970165e-06,0.000000000000000000e+00,2.918512945533928679e-05
3.775000000000002798e-01,1.215923063568000018e+01,1.237218768597304219e+01,2.223666058249659467e-06,0.000000000000000000e+00,2.955182434744937388e-05
3.800000000000002820e-01,1.219021486283616973e+01,1.246711156187220126e+01,2.352498065300029232e-06,0.000000000000000000e+00,2.991684517504026084e-05
3.825000000000002842e-01,1.222143665408690083e+01,1.256249222997623960e+01,2.740857184177082398e-06,0.000000000000000000e+00,3.027973332156065368e-05
3.850000000000002864e-01,1.225289715958117043e+01,1.265834407986756993e+01,2.914135162145148460e-06,0.000000000000000000e+00,3.064010933838480678e-05
3.875000000000002887e-01,1.228459756533696456e+01,1.275468131509162006e+01,2.875463973437488607e-06,0.000000000000000000e+00,3.099774177462317213e-05
3.900000000000002909e-01,1.231653909277420844e+01,1.285151794961793037e+01,3.200647777971124431e-06,0.000000000000000000e+00,3.135263623304002139e-05
3.925000000000002931e-01,1.234872299823882535e+01,1.294886780439181884e+01,2.591973904703254308e-06,0.000000000000000000e+00,3.170429313030198007e-05
3.950000000000002953e-01,1.238115057251839524e+01,1.304674450451520151e+01,2.009184365530457454e-06,0.000000000000000000e+00,3.205323733037092473e-05
3.975000000000002975e-01,1.241382314035100087e+01,1.314516147660675038e+01,1.385631701982861063e-06,0.000000000000000000e+00,3.240001675785380701e-05
4.000000000000002998e-01,1.244674204757643032e+01,1.324417973944058602e+01,1.178932661536475147e-06,0.000000000000000000e+00,3.274516911441121490e-05
4.025000000000003020e-01,1.247990877794208409e+01,1.334202474068599820e+01,1.214617366010274808e-06,0.000000000000000000e+00,3.308940457408271891e-05
4.050000000000003042e-01,1.251331841293146496e+01,1.343691762755444508e+01,9.924161719840633127e-07,0.000000000000000000e+00,3.343283733755083285e-05
4.075000000000003064e-01,1.254696365634933386e+01,1.352900719280913933e+01,1.384288275257589872e-06,0.000000000000000000e+00,3.377630015846907373e-05
4.100000000000003086e-01,1.258083758342342939e+01,1.361844121142876141e+01,1.867247090538753003e-06,0.000000000000000000e+00,3.411989170794802357e-05
4.125000000000003109e-01,1.261493363830650871e+01,1.370536653069095223e+01,1.508924298010668713e-06,0.000000000000000000e+00,3.446347211562863334e-05
4.150000000000003131e-01,1.264924563181194728e+01,1.378992917481084746e+01,1.657770236114042250e-06,0.000000000000000000e+00,3.480777592145808057e-05
4.175000000000003153e-01,1.268376773941909086e+01,1.387227446426253685e+01,1.685466386374822704e-06,0.000000000000000000e+00,3.515291971842170627e-05
4.200000000000003175e-01,1.271849449958527778e+01,1.395254715069075147e+01,1.543701944215081356e-06,0.000000000000000000e+00,3.549927488144957266e-05
4.225000000000003197e-01,1.275342081240543735e+01,1.403089157050923141e+01,1.148344818075181829e-06,0.000000000000000000e+00,3.584725820226546735e-05
4.250000000000003220e-01,1.278854193866656352e+01,1.410745182074001214e+01,6.896246000312733177e-07,0.000000000000000000e+00,3.619749255032502237e-05
4.275000000000003242e-01,1.282385349935642793e+01,1.418237196339496897e+01,6.455065205852364941e-07,0.000000000000000000e+00,3.655058521908502537e-05
4.300000000000003264e-01,1.285935147570204151e+01,1.425579626791030208e+01,7.911642879614085326e-07,0.000000000000000000e+00,3.690688807642659476e-05
4.325000000000003286e-01,1.289503220983910303e+01,1.432786912562625048e+01,8.635758255429487052e-07,0.000000000000000000e+00,3.726640960275869865e-05
4.350000000000003308e-01,1.293089237284006998e+01,1.439852775157408615e+01,1.126182287720837030e-06,0.000000000000000000e+00,3.762888779367722986e-05
4.375000000000003331e-01,1.296692834216321621e+01,1.446778908520622764e+01,1.319603023859104535e-06,0.000000000000000000e+00,3.799384984269349859e-05
4.400000000000003353e-01,1.300313673182819052e+01,1.453584119400985486e+01,1.079541697489974843e-06,0.000000000000000000e+00,3.836086790244358990e-05
4.425000000000003375e-01,1.303951462266091532e+01,1.460285878489099431e+01,1.182063870045263423e-06,0.000000000000000000e+00,3.872995923113450650e-05
4.450000000000003397e-01,1.307605952095917168e+01,1.466899522584709459e+01,7.994130717072272004e-07,0.000000000000000000e+00,3.910074666248994921e-05
4.475000000000003419e-01,1.311276930352383019e+01,1.473437930901284787e+01,1.135540326876532068e-06,0.000000000000000000e+00,3.947355853325880707e-05
4.500000000000003442e-01,1.314964216184365853e+01,1.479909036427911495e+01,1.198993662738634291e-06,0.000000000000000000e+00,3.984775630274370507e-05
4.525000000000003464e-01,1.318667642090919756e+01,1.486338977888351032e+01,1.675645450186708520e-06,0.000000000000000000e+00,4.022319214015141603e-05
4.550000000000003486e-01,1.322387136084069326e+01,1.492756730230201434e+01,2.078894652662388013e-06,0.000000000000000000e+00,4.059951034386643907e-05
4.575000000000003508e-01,1.326122667352575135e+01,1.499161688996440667e+01,2.212622133423202997e-06,0.000000000000000000e+00,4.097673740868979013e-05
4.600000000000003531e-01,1.329874203560152246e+01,1.505553254424318865e+01,1.934615278577767756e-06,0.000000000000000000e+00,4.135489311988581812e-05
4.625000000000003553e-01,1.333641710958837301e+01,1.511931466627638088e+01,1.623092780728463406e-06,0.000000000000000000e+00,4.173403761366672896e-05
4.650000000000003575e-01,1.337425156526331627e+01,1.518297001660153711e+01,1.204093418567650871e-06,0.000000000000000000e+00,4.211433665366963967e-05
4.675000000000003597e-01,1.341224508989667719e+01,1.524650616102790224e+01,1.218931738962591563e-06,0.000000000000000000e+00,4.249628754932664265e-05
4.700000000000003619e-01,1.345039738992356959e+01,1.530993111214180402e+01,1.321947919233859097e-06,0.000000000000000000e+00,4.287993218284127407e-05
4.725000000000003642e-01,1.348870819203052562e+01,1.537325325124268893e+01,1.179518668214608769e-06,0.000000000000000000e+00,4.326528128497429633e-05
4.750000000000003664e-01,1.352717724404982746e+01,1.543648128139569309e+01,1.012740702178618609e-06,0.000000000000000000e+00,4.365249112378774419e-05
4.775000000000003686e-01,1.356580431573854462e+01,1.549962418359888261e+01,9.177219088323576523e-07,0.000000000000000000e+00,4.404186932955566898e-05
4.800000000000003708e-01,1.360458919944933953e+01,1.556269117579477168e+01,7.569637575569801131e-07,0.000000000000000000e+00,4.443352870227767012e-05
4.825000000000003730e-01,1.364353171070062309e+01,1.562569167444532603e+01,9.709274792099683899e-07,0.000000000000000000e+00,4.482778030971777667e-05
4.850000000000003753e-01,1.368263168865169455e+01,1.568863525834285610e+01,6.556812895346205375e-07,0.000000000000000000e+00,4.522447829568491099e-05
4.875000000000003775e-01,1.372188899648896765e+01,1.575153163471639850e+01,6.441412579417267341e-07,0.000000000000000000e+00,4.562401583495358313e-05
4.900000000000003797e-01,1.376130352172846116e+01,1.581439060725299406e+01,5.227556830867886510e-07,0.000000000000000000e+00,4.602654257214089162e-05
4.925000000000003819e-01,1.380087517643942263e+01,1.587722204582746421e+01,4.827465897510267054e-07,0.000000000000000000e+00,4.643225787247706651e-05
4.950000000000003841e-01,1.384060389739321018e+01,1.594003585815602797e+01,5.251936175186947052e-07,0.000000000000000000e+00,4.684127036744190271e-05
4.975000000000003864e-01,1.388048964614246295e+01,1.600284196283176286e+01,4.899992130815943373e-07,0.000000000000000000e+00,4.725365687673079403e-05
5.000000000000003331e-01,1.392053240903337219e+01,1.606565026362975246e+01,6.581592724884947713e-07,0.000000000000000000e+00,4.766962708164345492e-05
5.025000000000002798e-01,1.396073217298389935e+01,1.612810770119904191e+01,5.718998087213522342e-07,0.000000000000000000e+00,4.808896822357885162e-05
5.050000000000002265e-01,1.400108768129498493e+01,1.618987717534722748e+01,6.690856589516523591e-07,0.000000000000000000e+00,4.851160767653637276e-05
5.075000000000001732e-01,1.404159723307173202e+01,1.625099151517151697e+01,8.998495780013250826e-07,0.000000000000000000e+00,4.893736678224263519e-05
5.100000000000001199e-01,1.408225920852078517e+01,1.631148180216906596e+01,1.146897774368002521e-06,0.000000000000000000e+00,4.936589837434317084e-05
5.125000000000000666e-01,1.412307206455462172e+01,1.637137731984140032e+01,1.085891062407824373e-06,0.000000000000000000e+00,4.979684933559285252e-05
5.150000000000000133e-01,1.416403433026524539e+01,1.643070549495388732e+01,1.091365633445343665e-06,0.000000000000000000e+00,5.023017008912088687e-05
5.174999999999999600e-01,1.420514460224619135e+01,1.648949182976085837e+01,6.388293660439431561e-07,0.000000000000000000e+00,5.066563566593528445e-05
5.199999999999999067e-01,1.424640153974002033e+01,1.654775982464738959e+01,6.243575270869406160e-07,0.000000000000000000e+00,5.110368819349484832e-05
5.224999999999998535e-01,1.428780386011262316e+01,1.660552874194191375e+01,1.296232450310910167e-06,0.000000000000000000e+00,5.154448984301176757e-05
5.249999999999998002e-01,1.432935032199796588e+01,1.666279038611107310e+01,1.580576786154828752e-06,0.000000000000000000e+00,5.198690599969071609e-05
5.274999999999997469e-01,1.437103964151946300e+01,1.671951823876626264e+01,1.744544855188122165e-06,0.000000000000000000e+00,5.243053107581272546e-05
5.299999999999996936e-01,1.441287046956102991e+01,1.677568725745504352e+01,2.037086089154909395e-06,0.000000000000000000e+00,5.287512958189796432e-05
5.324999999999996403e-01,1.445484139538311474e+01,1.683127415707541275e+01,2.142777988701353691e-06,0.000000000000000000e+00,5.332027996171111265e-05
5.349999999999995870e-01,1.449695095102629239e+01,1.688625740444566858e+01,2.436739568729218991e-06,0.000000000000000000e+00,5.376585704991569431e-05
5.374999999999995337e-01,1.453919761569079228e+01,1.694061722046033935e+01,2.468022553605030860e-06,0.000000000000000000e+00,5.421146083555270807e-05
5.399999999999994804e-01,1.458157982012407317e+01,1.699433558781337084e+01,2.566092209059692414e-06,0.000000000000000000e+00,5.465697206456611511e-05
5.424999999999994271e-01,1.462409595103141768e+01,1.704739626566373900e+01,2.787184150873708205e-06,0.000000000000000000e+00,5.510224131139550291e-05
5.449999999999993738e-01,1.466674435552735822e+01,1.709978481217903479e+01,2.584976378303239377e-06,0.000000000000000000e+00,5.554697001667788887e-05
5.474999999999993205e-01,1.470952334576995213e+01,1.715148821232330789e+01,2.864713066595760662e-06,0.000000000000000000e+00,5.599122875987464285e-05
5.499999999999992673e-01,1.475243120157214882e+01,1.720249607698909600e+01,2.998445318036640338e-06,0.000000000000000000e+00,5.643474937162934029e-05
5.524999999999992140e-01,1.479546619132693408e+01,1.725301513874901360e+01,3.239059944561998317e-06,0.000000000000000000e+00,5.687739157741608599e-05
5.549999999999991607e-01,1.483862731227682197e+01,1.730324111983802382e+01,3.185850578304187678e-06,0.000000000000000000e+00,5.731888894439699747e-05
5.574999999999991074e-01,1.488191383189272798e+01,1.735317433094703787e+01,3.324141490036903126e-06,0.000000000000000000e+00,5.775931358337575152e-05
5.599999999999990541e-01,1.492532501843135684e+01,1.740281509888163924e+01,3.450663397478416012e-06,0.000000000000000000e+00,5.819855952068001258e-05
5.624999999999990008e-01,1.496886014097558615e+01,1.745216376650802204e+01,3.671533317032182981e-06,0.000000000000000000e+00,5.863650174018472438e-05
5.649999999999989475e-01,1.501251846947459434e+01,1.750122069276870818e+01,3.822201751700287572e-06,0.000000000000000000e+00,5.907294553420635084e-05
5.674999999999988942e-01,1.505629927533917289e+01,1.754998734316061970e+01,4.047472095628566098e-06,0.000000000000000000e+00,5.950775021525586922e-05
5.699999999999988409e-01,1.510020183439657515e+01,1.759846445952123517e+01,4.253692019702926795e-06,0.000000000000000000e+00,5.994069732302068196e-05
5.724999999999987876e-01,1.514422542309202946e+01,1.764665248823953903e+01,4.337000230146941084e-06,0.000000000000000000e+00,6.037161197398088525e-05
5.749999999999987343e-01,1.518836931949092417e+01,1.769455322731367630e+01,4.446496993571091752e-06,0.000000000000000000e+00,6.080045963212825702e-05
5.774999999999986811e-01,1.523263280593410229e+01,1.774216787245710947e+01,4.278826139555269554e-06,0.000000000000000000e+00,6.122713937495716100e-05
5.799999999999986278e-01,1.527701516751582211e+01,1.778949697328978985e+01,4.226195618555522605e-06,0.000000000000000000e+00,6.165170628383576112e-05
5.824999999999985745e-01,1.532151568980715872e+01,1.783654037008481907e+01,4.515520608426301954e-06,0.000000000000000000e+00,6.207420071668436437e-05
5.849999999999985212e-01,1.536613365872171144e+01,1.788329850573510882e+01,4.342538021973546735e-06,0.000000000000000000e+00,6.249440646938008792e-05
5.874999999999984679e-01,1.541086836143391992e+01,1.792977195466983176e+01,4.503124035763305618e-06,0.000000000000000000e+00,6.291243933327396725e-05
5.899999999999984146e-01,1.545571908656337889e+01,1.797596130721531082e+01,4.646653170665537582e-06,0.000000000000000000e+00,6.332812891553493196e-05
5.924999999999983613e-01,1.550068512421464106e+01,1.802186716953081458e+01,4.635543366157827540e-06,0.000000000000000000e+00,6.374132446742967507e-05
5.949999999999983080e-01,1.554576576601668059e+01,1.806749016355435344e+01,4.614167296906998396e-06,0.000000000000000000e+00,6.415209940058419079e-05
5.974999999999982547e-01,1.559096030516240283e+01,1.811283092715031984e+01,4.693346346603255815e-06,0.000000000000000000e+00,6.456043773376379227e-05
5.999999999999982014e-01,1.563626803644852536e+01,1.815789011404184450e+01,4.906557685029434696e-06,0.000000000000000000e+00,6.496626329134657111e-05
6.024999999999981481e-01,1.568168822811098906e+01,1.820257351112699240e+01,4.944886264605395640e-06,0.000000000000000000e+00,6.536940011362750945e-05
6.049999999999980949e-01,1.572721989789521047e+01,1.824685502660617686e+01,5.031740370506883305e-06,0.000000000000000000e+00,6.576997565360418537e-05
6.074999999999980416e-01,1.577286204448224538e+01,1.829073370166972623e+01,5.189047743349406880e-06,0.000000000000000000e+00,6.616798509179350229e-05
6.099999999999979883e-01,1.581861365770522809e+01,1.833420408342050578e+01,5.177549757747983405e-06,0.000000000000000000e+00,6.656349229306539566e-05
6.124999999999979350e-01,1.586447371372880966e+01,1.837726065659423824e+01,5.483558285817791340e-06,0.000000000000000000e+00,6.695656982845667833e-05
6.149999999999978817e-01,1.591044117489555987e+01,1.841989784741577196e+01,5.638460894531381156e-06,0.000000000000000000e+00,6.734710158128028392e-05
6.174999999999978284e-01,1.595651498958161874e+01,1.846211002722653305e+01,5.726826493382604173e-06,0.000000000000000000e+00,6.773504316061222457e-05
6.199999999999977751e-01,1.600269409206164539e+01,1.850389151600250059e+01,5.873221093267543099e-06,0.000000000000000000e+00,6.812046445267676287e-05
6.224999999999977218e-01,1.604897740238226689e+01,1.854523658563348576e+01,5.984911189322100273e-06,0.000000000000000000e+00,6.850342873343043541e-05
6.249999999999976685e-01,1.609536382624367334e+01,1.858613946327847088e+01,5.861965583146231065e-06,0.000000000000000000e+00,6.888388091808925868e-05
6.274999999999976152e-01,1.614185225488976982e+01,1.862659433468210679e+01,6.070487016427626343e-06,0.000000000000000000e+00,6.926202086703299769e-05
6.299999999999975620e-01,1.618844156500642129e+01,1.866659534734198544e+01,5.757343307561741658e-06,0.000000000000000000e+00,6.963782793710493989e-05
6.324999999999975087e-01,1.623513061862762186e+01,1.870613661349042545e+01,5.677349641756178308e-06,0.000000000000000000e+00,7.001161155572513254e-05
6.349999999999974554e-01,1.628191826304890100e+01,1.874521221312461705e+01,5.453215304358644101e-06,0.000000000000000000e+00,7.038352442592615387e-05
6.374999999999974021e-01,1.632880333074852075e+01,1.878381619692219218e+01,5.560554950834485870e-06,0.000000000000000000e+00,7.075381404066079856e-05
6.399999999999973488e-01,1.637578463931584238e+01,1.882194258915506779e+01,5.620643458186539432e-06,0.000000000000000000e+00,7.112248385912362664e-05
6.424999999999972955e-01,1.642286099138685884e+01,1.885958539044800730e+01,5.384255534496592665e-06,0.000000000000000000e+00,7.148958466985356705e-05
6.449999999999972422e-01,1.647003117458649868e+01,1.889673858040123378e+01,5.417930070311876114e-06,0.000000000000000000e+00,7.185542117411909517e-05
6.474999999999971889e-01,1.651729396147775120e+01,1.893339612033970809e+01,5.257619266139724513e-06,0.000000000000000000e+00,7.222005917145516687e-05
6.499999999999971356e-01,1.656464810951745648e+01,1.896955195595579369e+01,5.350923609057202116e-06,0.000000000000000000e+00,7.258368808128505751e-05
6.524999999999970823e-01,1.661209235634362713e+01,1.900511363208703486e+01,5.285643270400596924e-06,0.000000000000000000e+00,7.294636600353272750e-05
6.549999999999970290e-01,1.665962511858265316e+01,1.903998010774296645e+01,5.342032514763015589e-06,0.000000000000000000e+00,7.330829326695646525e-05
6.574999999999969758e-01,1.670724464740411719e+01,1.907413220066144888e+01,5.472809938702766066e-06,0.000000000000000000e+00,7.366964460627770019e-05
6.599999999999969225e-01,1.675494914598741403e+01,1.910755067606760704e+01,5.639498526234831323e-06,0.000000000000000000e+00,7.403046875543833601e-05
6.624999999999968692e-01,1.680273676940198868e+01,1.914021626703501866e+01,5.620151209381869910e-06,0.000000000000000000e+00,7.439080410846202369e-05
6.649999999999968159e-01,1.685060562453839950e+01,1.917210969443570789e+01,5.717852834171180840e-06,0.000000000000000000e+00,7.475087439403229185e-05
6.674999999999967626e-01,1.689855377008881376e+01,1.920321168630459496e+01,5.790773256752324576e-06,0.000000000000000000e+00,7.511072948514534912e-05
6.699999999999967093e-01,1.694657921657590904e+01,1.923350299683016118e+01,5.636807950325700483e-06,0.000000000000000000e+00,7.547046902453879221e-05
6.724999999999966560e-01,1.699467992642856728e+01,1.926296442479547011e+01,5.424515788244595585e-06,0.000000000000000000e+00,7.583041365214302648e-05
6.749999999999966027e-01,1.704285381410391764e+01,1.929157683154886627e+01,5.529252653313014916e-06,0.000000000000000000e+00,7.619084309425463476e-05
6.774999999999965494e-01,1.709109874625351466e+01,1.931932115852547227e+01,5.559349115588874081e-06,0.000000000000000000e+00,7.655179397730269312e-05
6.799999999999964961e-01,1.713941254193351682e+01,1.934617844424581534e+01,5.667253901222631914e-06,0.000000000000000000e+00,7.691340927302074768e-05
6.824999999999964428e-01,1.718779297285665919e+01,1.937212984064859711e+01,5.825982204411681757e-06,0.000000000000000000e+00,7.727577304173057144e-05
6.849999999999963896e-01,1.723623776368491889e+01,1.939715662905086546e+01,5.735185939438550123e-06,0.000000000000000000e+00,7.763897643766342227e-05
6.874999999999963363e-01,1.728474459236184302e+01,1.942124023568456437e+01,5.645479023909910978e-06,0.000000000000000000e+00,7.800316648540226523e-05
6.899999999999962830e-01,1.733331109048364382e+01,1.944436224684725190e+01,5.767262313482120792e-06,0.000000000000000000e+00,7.836857341921553161e-05
6.924999999999962297e-01,1.738193484370763642e+01,1.946650442369187317e+01,5.213247352294334786e-06,0.000000000000000000e+00,7.873526253110144275e-05
6.949999999999961764e-01,1.743061339219762829e+01,1.948764871647871644e+01,4.910432758566559226e-06,0.000000000000000000e+00,7.910381718029137579e-05
6.974999999999961231e-01,1.747934423110461921e+01,1.950777727861341049e+01,4.731268266052697940e-06,0.000000000000000000e+00,7.947459457804832760e-05
6.999999999999960698e-01,1.752812481108270504e+01,1.952687248048151503e+01,4.715577257799057199e-06,0.000000000000000000e+00,7.984786678109160034e-05
7.024999999999960165e-01,1.757695256448982235e+01,1.954534329736113563e+01,4.575935856370564356e-06,0.000000000000000000e+00,8.022372478432963385e-05
7.049999999999959632e-01,1.762582637847876654e+01,1.956360788367854653e+01,4.223802648228163975e-06,0.000000000000000000e+00,8.060226142949693186e-05
7.074999999999959099e-01,1.767474573583348985e+01,1.958166335800124003e+01,3.768298488806026820e-06,0.000000000000000000e+00,8.098377143871219328e-05
7.099999999999958566e-01,1.772371011214847414e+01,1.959950686384533469e+01,3.438326708192127905e-06,0.000000000000000000e+00,8.136856931093525180e-05
7.124999999999958034e-01,1.777271897589108818e+01,1.961713556956470939e+01,2.930158280794746645e-06,0.000000000000000000e+00,8.175696115116041899e-05
7.149999999999957501e-01,1.782177178846359311e+01,1.963454666787861314e+01,2.938492274137977472e-06,0.000000000000000000e+00,8.214935088937235647e-05
7.174999999999956968e-01,1.787086800426369493e+01,1.965173737579090840e+01,2.832032956290861226e-06,0.000000000000000000e+00,8.254571786915393568e-05
7.199999999999956435e-01,1.792000707074530297e+01,1.966870493418473487e+01,2.795138380674465258e-06,0.000000000000000000e+00,8.294622536963674564e-05
7.224999999999955902e-01,1.796918842847800590e+01,1.968544660761030940e+01,3.015671180253387626e-06,0.000000000000000000e+00,8.335092219505930956e-05
7.249999999999955369e-01,1.801841151120605744e+01,1.970195968410339660e+01,3.176801980374150335e-06,0.000000000000000000e+00,8.375968030644614145e-05
7.274999999999954836e-01,1.806767574590707781e+01,1.971824147497454760e+01,3.042091548609461278e-06,0.000000000000000000e+00,8.417239307533404800e-05
7.299999999999954303e-01,1.811698055285005182e+01,1.973428931461398506e+01,2.636953339732550674e-06,0.000000000000000000e+00,8.458923538312446296e-05
7.324999999999953770e-01,1.816632534565297874e+01,1.975010056015597115e+01,2.661787896592073706e-06,0.000000000000000000e+00,8.501054285826551576e-05
7.349999999999953237e-01,1.821570953133941728e+01,1.976567259129575405e+01,2.719018316826602602e-06,0.000000000000000000e+00,8.543636795656277478e-05
7.374999999999952704e-01,1.826513251039495245e+01,1.978100281012769202e+01,2.597417540852091849e-06,0.000000000000000000e+00,8.586677028711826398e-05
7.399999999999952172e-01,1.831459367682296602e+01,1.979608864092014997e+01,2.315800767375540793e-06,0.000000000000000000e+00,8.630188164597874293e-05
7.424999999999951639e-01,1.836409241820009441e+01,1.981092752994803163e+01,1.895093759241343604e-06,0.000000000000000000e+00,8.674196492719913926e-05
7.449999999999951106e-01,1.841362811573100089e+01,1.982551694533604092e+01,1.893163914183891809e-06,0.000000000000000000e+00,8.718744393095198000e-05
7.474999999999950573e-01,1.846320014430304113e+01,1.983985437682511588e+01,1.839277897564126786e-06,0.000000000000000000e+00,8.763843567637188178e-05
7.499999999999950040e-01,1.851280787253998028e+01,1.985393733553499729e+01,1.564836067369182806e-06,0.000000000000000000e+00,8.809506476684817800e-05
7.524999999999949507e-01,1.856245073656257460e+01,1.986879624259773891e+01,1.535625732570156429e-06,0.000000000000000000e+00,8.855729782755452858e-05
7.549999999999948974e-01,1.861213174196048925e+01,1.988532375598096635e+01,1.543608887565619461e-06,0.000000000000000000e+00,8.902467168885315842e-05
7.574999999999948441e-01,1.866185494394868272e+01,1.990331647654879532e+01,1.207473285511733529e-06,0.000000000000000000e+00,8.949679934990079002e-05
7.599999999999947908e-01,1.871162389212917532e+01,1.992257654377320719e+01,1.409352975398401731e-06,0.000000000000000000e+00,8.997352187648708060e-05
7.624999999999947375e-01,1.876144164486938237e+01,1.994291254812153014e+01,1.447128234691801045e-06,0.000000000000000000e+00,9.045413325222457395e-05
7.649999999999946843e-01,1.881131078592472861e+01,1.996414033951553790e+01,1.339618961293207354e-06,0.000000000000000000e+00,9.093817949942080913e-05
7.674999999999946310e-01,1.886123344299353377e+01,1.998608364842802843e+01,1.863925197204945851e-06,0.000000000000000000e+00,9.142514987328180770e-05
7.699999999999945777e-01,1.891121130769566960e+01,2.000857446321104405e+01,1.501402674881141584e-06,0.000000000000000000e+00,9.191403625692400514e-05
7.724999999999945244e-01,1.896124565634595882e+01,2.003145314430980051e+01,1.839916921829509346e-06,0.000000000000000000e+00,9.240451986086203201e-05
7.749999999999944711e-01,1.901133737086560416e+01,2.005456829133979468e+01,2.357704049546286772e-06,0.000000000000000000e+00,9.289544681271228778e-05
7.774999999999944178e-01,1.906148689253728534e+01,2.007803246972530786e+01,3.016317305131807450e-06,0.000000000000000000e+00,9.338620580788961417e-05
7.799999999999943645e-01,1.911169556708645345e+01,2.010232863842455586e+01,4.155883817260034400e-06,0.000000000000000000e+00,9.387622907960301813e-05
7.824999999999943112e-01,1.916196544913824340e+01,2.012743458299048882e+01,4.834857559480684385e-06,0.000000000000000000e+00,9.436463059815934943e-05
7.849999999999942579e-01,1.921229854514081836e+01,2.015331763192038395e+01,5.893399854897348271e-06,0.000000000000000000e+00,9.485094308801847441e-05
7.874999999999942046e-01,1.926269677879271569e+01,2.017994368590649756e+01,6.016720573437663102e-06,0.000000000000000000e+00,9.533452316484645171e-05
7.899999999999941513e-01,1.931316198802852213e+01,2.020727804579837539e+01,7.080091072645121465e-06,0.000000000000000000e+00,9.581543720106880846e-05
7.924999999999940981e-01,1.936369592391293182e+01,2.023528602232272888e+01,7.156074062237798689e-06,0.000000000000000000e+00,9.629318277384569461e-05
7.949999999999940448e-01,1.941430025094945933e+01,2.026393337946741724e+01,8.439728908092985688e-06,0.000000000000000000e+00,9.676795760454008763e-05
7.974999999999939915e-01,1.946497654842310254e+01,2.029318700567652556e+01,6.647663491123198105e-06,0.000000000000000000e+00,9.723985828076497657e-05
7.999999999999939382e-01,1.951572631106857969e+01,2.032303968402589689e+01,6.883401396508398926e-06,0.000000000000000000e+00,9.771015690730005772e-05
8.024999999999938849e-01,1.956655102575905403e+01,2.035289460695604546e+01,4.813148532903478374e-06,0.000000000000000000e+00,9.817862929246155888e-05
8.049999999999938316e-01,1.961745001588228732e+01,2.038212045574025311e+01,8.191511562446178479e-06,0.000000000000000000e+00,9.864713494738977593e-05
8.074999999999937783e-01,1.966842171996926680e+01,2.041072987261324201e+01,9.208711322902566772e-06,0.000000000000000000e+00,9.911244496943394844e-05
8.099999999999937250e-01,1.971946459730440893e+01,2.043871876177810165e+01,9.723014461983272015e-06,0.000000000000000000e+00,9.957337554798553530e-05
8.124999999999936717e-01,1.977057709242850692e+01,2.046607992010327592e+01,1.085902410042889798e-05,0.000000000000000000e+00,1.000291186965752879e-04
8.149999999999936184e-01,1.982175763212421771e+01,2.049280672697808825e+01,1.259913349779781701e-05,0.000000000000000000e+00,1.004783494210460213e-04
8.174999999999935651e-01,1.987300462694467029e+01,2.051889312402346022e+01,1.452757367033095190e-05,0.000000000000000000e+00,1.009193587497604221e-04
8.199999999999935119e-01,1.992431647261237160e+01,2.054433360437345968e+01,1.437791490682856052e-05,0.000000000000000000e+00,1.013504309761326539e-04
8.224999999999934586e-01,1.997569155139242625e+01,2.056912320170189545e+01,1.534664166447161280e-05,0.000000000000000000e+00,1.017714657971939053e-04
8.249999999999934053e-01,2.002712823343695092e+01,2.059325747875728396e+01,1.670381004176863619e-05,0.000000000000000000e+00,1.021813394591256476e-04
8.274999999999933520e-01,2.007862487810172780e+01,2.061673251584634059e+01,1.797316470088466026e-05,0.000000000000000000e+00,1.025787477406329133e-04
8.299999999999932987e-01,2.013017983523321064e+01,2.063954489850472029e+01,1.743767839649803072e-05,0.000000000000000000e+00,1.029623409626417006e-04
8.324999999999932454e-01,2.018179144642380152e+01,2.066169170387858500e+01,1.878829377574169947e-05,0.000000000000000000e+00,1.033325608982558802e-04
8.349999999999931921e-01,2.023345804623345146e+01,2.068317048787549339e+01,1.945798803098447831e-05,0.000000000000000000e+00,1.036880306953112430e-04
8.374999999999931388e-01,2.028517796337974843e+01,2.070397927213363332e+01,1.965641265092145528e-05,0.000000000000000000e+00,1.040280271078392488e-04
8.399999999999930855e-01,2.033694952189388871e+01,2.072411653051577929e+01,1.998519055263247625e-05,0.000000000000000000e+00,1.043523025886023878e-04
8.424999999999930322e-01,2.038877104224413372e+01,2.074358117577114058e+01,2.034503499317016491e-05,0.000000000000000000e+00,1.046602972647492786e-04
8.449999999999929789e-01,2.044064084242535273e+01,2.076237254557345224e+01,2.030233725662544832e-05,0.000000000000000000e+00,1.049516642994326198e-04
8.474999999999929257e-01,2.049255723901299930e+01,2.078049038886572930e+01,2.119110370816887441e-05,0.000000000000000000e+00,1.052263724762028473e-04
8.499999999999928724e-01,2.054451854818350043e+01,2.079793485149612309e+01,2.151997213820139155e-05,0.000000000000000000e+00,1.054836128036031290e-04
8.524999999999928191e-01,2.059652308604190196e+01,2.081469585696653368e+01,2.173846897532904108e-05,0.000000000000000000e+00,1.057230373621759521e-04
8.549999999999927658e-01,2.064856913298100594e+01,2.083076360232667668e+01,2.180288940823019622e-05,0.000000000000000000e+00,1.059445628689694927e-04
8.574999999999927125e-01,2.070065495640674058e+01,2.084613922336782466e+01,2.175641688292730776e-05,0.000000000000000000e+00,1.061480775701521660e-04
8.599999999999926592e-01,2.075277882678170727e+01,2.086082423221822069e+01,2.244693803612782964e-05,0.000000000000000000e+00,1.063336436739573826e-04
8.624999999999926059e-01,2.080493901855741612e+01,2.087482050231812991e+01,2.286288955204475584e-05,0.000000000000000000e+00,1.065005496528678036e-04
8.649999999999925526e-01,2.085713381106917197e+01,2.088813025461633188e+01,2.348325912698697663e-05,0.000000000000000000e+00,1.066485867790091161e-04
8.674999999999924993e-01,2.090936148939702832e+01,2.090075604255230957e+01,2.409788423633688460e-05,0.000000000000000000e+00,1.067773252527510672e-04
8.699999999999924460e-01,2.096162034518846440e+01,2.091270073827665499e+01,2.458668881283592334e-05,0.000000000000000000e+00,1.068863318937288690e-04
8.724999999999923928e-01,2.101390867745573843e+01,2.092396744602046965e+01,2.512477366329118563e-05,0.000000000000000000e+00,1.069751883372718017e-04
8.749999999999923395e-01,2.106622479310176743e+01,2.093455869924352797e+01,2.512875370599143847e-05,0.000000000000000000e+00,1.070435114090322130e-04
8.774999999999922862e-01,2.111856700454505997e+01,2.094447628121181282e+01,2.523351345026685877e-05,0.000000000000000000e+00,1.070914617481253940e-04
8.799999999999922329e-01,2.117093362862679129e+01,2.095372363398831439e+01,2.533002618607923449e-05,0.000000000000000000e+00,1.071189965628104772e-04
8.824999999999921796e-01,2.122332293783128776e+01,2.096236776826740211e+01,2.571628844435420945e-05,0.000000000000000000e+00,1.071262405120664707e-04
8.849999999999921263e-01,2.127573363853418442e+01,2.097061407992945448e+01,2.623927402450129218e-05,0.000000000000000000e+00,1.071130258851463104e-04
8.874999999999920730e-01,2.132816473314287720e+01,2.097846590073977069e+01,2.676087935821418643e-05,0.000000000000000000e+00,1.070790181199016117e-04
8.899999999999920197e-01,2.138061523238441453e+01,2.098591780857167777e+01,2.707441444599300903e-05,0.000000000000000000e+00,1.070237542649996829e-04
8.924999999999919664e-01,2.143308413338716534e+01,2.099296430538653979e+01,2.735557705641464388e-05,0.000000000000000000e+00,1.069470886799063725e-04
8.949999999999919131e-01,2.148557041949203850e+01,2.099959981914973284e+01,2.708013568490321536e-05,0.000000000000000000e+00,1.068488822455326018e-04
8.974999999999918598e-01,2.153807306006856592e+01,2.100581870576803922e+01,2.680279825453632948e-05,0.000000000000000000e+00,1.067292661376635572e-04
8.999999999999918066e-01,2.159059101033617267e+01,2.101161525186714840e+01,2.720613406323622041e-05,0.000000000000000000e+00,1.065883224898566810e-04
9.024999999999917533e-01,2.164312320635870535e+01,2.101685924202469735e+01,2.736749469097228215e-05,0.000000000000000000e+00,1.064255096436383518e-04
9.049999999999917000e-01,2.169566812168293168e+01,2.102138461888835508e+01,2.735996375866684937e-05,0.000000000000000000e+00,1.062404163838360198e-04
9.074999999999916467e-01,2.174822392560839646e+01,2.102513062301411395e+01,2.748479652843845554e-05,0.000000000000000000e+00,1.060327161495940983e-04
9.099999999999915934e-01,2.180078863505874764e+01,2.102803566680965730e+01,2.804637884897577944e-05,0.000000000000000000e+00,1.058016937859151643e-04
9.124999999999915401e-01,2.185336011254091204e+01,2.103003739466247879e+01,2.807203488428748026e-05,0.000000000000000000e+00,1.055463330275538256e-04
9.149999999999914868e-01,2.190593606426382678e+01,2.103107276107722612e+01,2.803415834964284256e-05,0.000000000000000000e+00,1.052661000714990252e-04
9.174999999999914335e-01,2.195851403846330641e+01,2.103107812862788606e+01,2.799008239118950083e-05,0.000000000000000000e+00,1.049601453943767255e-04
9.199999999999913802e-01,2.201109142398379248e+01,2.102998938728503830e+01,2.741391261530492078e-05,0.000000000000000000e+00,1.046277000207420288e-04
9.224999999999913269e-01,2.206366544917040073e+01,2.102774209578772968e+01,2.752275480828464681e-05,0.000000000000000000e+00,1.042683438830502486e-04
9.249999999999912736e-01,2.211623318112705050e+01,2.102427164489969513e+01,2.733309997214942210e-05,0.000000000000000000e+00,1.038810499229818492e-04
9.274999999999912204e-01,2.216879152539524966e+01,2.101951344162310420e+01,2.722325721668953703e-05,0.000000000000000000e+00,1.034649627867789966e-04
9.299999999999911671e-01,2.222133722610432116e+01,2.101340311187791698e+01,2.707409983204039238e-05,0.000000000000000000e+00,1.030189324752964496e-04
9.324999999999911138e-01,2.227386686663842141e+01,2.100587671881187291e+01,2.696373446601196111e-05,0.000000000000000000e+00,1.025419601265574617e-04
9.349999999999910605e-01,2.232637687085694367e+01,2.099687099206823859e+01,2.659191423906813784e-05,0.000000000000000000e+00,1.020328026901479667e-04
9.374999999999910072e-01,2.237886350489280574e+01,2.098632356322264414e+01,2.649688139869047502e-05,0.000000000000000000e+00,1.014903897038436367e-04
9.399999999999909539e-01,2.243132287954145809e+01,2.097417320180236189e+01,2.627972050774415581e-05,0.000000000000000000e+00,1.009133804444358975e-04
9.424999999999909006e-01,2.248375095323881112e+01,2.096036004706989431e+01,2.587239622582977719e-05,0.000000000000000000e+00,1.003004843250930638e-04
9.449999999999908473e-01,2.253614353561478012e+01,2.094482583006190879e+01,2.604278724289306920e-05,0.000000000000000000e+00,9.965036143990527759e-05
9.474999999999907940e-01,2.258849629159446337e+01,2.092751408130289903e+01,2.544805235475029002e-05,0.000000000000000000e+00,9.896126831937864128e-05
9.499999999999907407e-01,2.264080474601038162e+01,2.090837032157060094e+01,2.509067112910289921e-05,0.000000000000000000e+00,9.823185846023532708e-05
9.524999999999906874e-01,2.269306432764554415e+01,2.088801188411491339e+01,2.489550839984718583e-05,0.000000000000000000e+00,9.746098410448685750e-05
9.549999999999906342e-01,2.274527269439164101e+01,2.086708974523631355e+01,2.433742931849319167e-05,0.000000000000000000e+00,9.664731962941870149e-05
9.574999999999905809e-01,2.279742843640631733e+01,2.084560293746005399e+01,2.401387768720021637e-05,0.000000000000000000e+00,9.578988122939338537e-05
9.599999999999905276e-01,2.284953014150810802e+01,2.082355063550647145e+01,2.343717840163446806e-05,0.000000000000000000e+00,9.488732271464546744e-05
9.624999999999904743e-01,2.290157639553369151e+01,2.080093215945488083e+01,2.267104391434755130e-05,0.000000000000000000e+00,9.393865714157336941e-05
9.649999999999904210e-01,2.295356578270295245e+01,2.077774697749847022e+01,2.241743617455777460e-05,0.000000000000000000e+00,9.294284920412180921e-05
9.674999999999903677e-01,2.300549688599071629e+01,2.075399470800882895e+01,2.216569695963911590e-05,0.000000000000000000e+00,9.189855836843718699e-05
9.699999999999903144e-01,2.305736828750327305e+01,2.072967512175303284e+01,2.212586390983973538e-05,0.000000000000000000e+00,9.080408043982863295e-05
9.724999999999902611e-01,2.310917856886065636e+01,2.070478814394537181e+01,2.198057302688379277e-05,0.000000000000000000e+00,8.965780814920677397e-05
9.749999999999902078e-01,2.316092631158372228e+01,2.067933385617167374e+01,2.201175224723580888e-05,0.000000000000000000e+00,8.845803267535450021e-05
9.774999999999901545e-01,2.321261009748637605e+01,2.065331249828171067e+01,2.175362924993730219e-05,0.000000000000000000e+00,8.720268437244208166e-05
9.799999999999901013e-01,2.326422850907218987e+01,2.062672447043384949e+01,2.130123687914043629e-05,0.000000000000000000e+00,8.588994746437619203e-05
9.824999999999900480e-01,2.331578012993622551e+01,2.059957033484301547e+01,2.102266772723383260e-05,0.000000000000000000e+00,8.451818096074536395e-05
9.849999999999899947e-01,2.336726354517124449e+01,2.057185081723934772e+01,2.016152289060559619e-05,0.000000000000000000e+00,8.308562106013803173e-05
9.874999999999899414e-01,2.341867734177715477e+01,2.054356680853257799e+01,1.954050539095863526e-05,0.000000000000000000e+00,8.159103841687457919e-05
9.899999999999898881e-01,2.347002010907499070e+01,2.051471936633367577e+01,1.886932071685518489e-05,0.000000000000000000e+00,8.003293428253102821e-05
9.924999999999898348e-01,2.352129043912446349e+01,2.048530971618605889e+01,1.899303403760067914e-05,0.000000000000000000e+00,7.840971961796958448e-05
9.949999999999897815e-01,2.357248692714434668e+01,2.045533925270915532e+01,1.850880924869920306e-05,0.000000000000000000e+00,7.671885954898233055e-05
9.974999999999897282e-01,2.362360817193593832e+01,2.042480954074839872e+01,1.851806678596085374e-05,0.000000000000000000e+00,7.495845170690536958e-05
9.999999999999896749e-01,2.367465277630907039e+01,2.039372231625292997e+01,1.811135394481591692e-05,0.000000000000000000e+00,7.312580328824229512e-05
1.002499999999989733e+00,2.372561934720750543e+01,2.036207460639234057e+01,1.799261667721234665e-05,0.000000000000000000e+00,7.121863483032321910e-05
1.004999999999989679e+00,2.377650647933691275e+01,2.032986363347543346e+01,1.758046405943585163e-05,0.000000000000000000e+00,6.923436240920528796e-05
1.007499999999989626e+00,2.382731276577728252e+01,2.029709167904140088e+01,1.779113014452244726e-05,0.000000000000000000e+00,6.717065129846173184e-05
1.009999999999989573e+00,2.387803680541323104e+01,2.026376120284182392e+01,1.700820988375439932e-05,0.000000000000000000e+00,6.502416409923384149e-05
1.012499999999989519e+00,2.392867720337933335e+01,2.022987484292961824e+01,1.676589763331693607e-05,0.000000000000000000e+00,6.279274334134997177e-05
1.014999999999989466e+00,2.397923257150615228e+01,2.019543541574975976e+01,1.636543946824018685e-05,0.000000000000000000e+00,6.047363583481898854e-05
1.017499999999989413e+00,2.402970152876615018e+01,2.016044591575564482e+01,1.592605854219190001e-05,0.000000000000000000e+00,5.806401195737896013e-05
1.019999999999989360e+00,2.408008270171835363e+01,2.012490951496974390e+01,1.512486764778430071e-05,0.000000000000000000e+00,5.556091365960044042e-05
1.022499999999989306e+00,2.413037472495194535e+01,2.008882956233947681e+01,1.484460497948233835e-05,0.000000000000000000e+00,5.296171027556947626e-05
1.024999999999989253e+00,2.418057624152821106e+01,2.005220958278706078e+01,1.462750991044519107e-05,0.000000000000000000e+00,5.026323046584736415e-05
1.027499999999989200e+00,2.423068590341994977e+01,2.001505327627889841e+01,1.419457626026106686e-05,0.000000000000000000e+00,4.746166105126085503e-05
1.029999999999989146e+00,2.428070237194834746e+01,1.997736451629173615e+01,1.413069146270811089e-05,0.000000000000000000e+00,4.455351915417441448e-05
1.032499999999989093e+00,2.433062431821582194e+01,1.993914734837347069e+01,1.353401431637946333e-05,0.000000000000000000e+00,4.153466094867147096e-05
1.034999999999989040e+00,2.438045042353549263e+01,1.990040598839891217e+01,1.247088803285546103e-05,0.000000000000000000e+00,3.840149830148618118e-05
1.037499999999988987e+00,2.443017937985566590e+01,1.986114482036472140e+01,1.154868005446547926e-05,0.000000000000000000e+00,3.515117020031537846e-05
1.039999999999988933e+00,2.447980989017909437e+01,1.982136839418749474e+01,1.173093924462611177e-05,0.000000000000000000e+00,3.178032526659409240e-05
1.042499999999988880e+00,2.452934066897623566e+01,1.978108142306892248e+01,1.128330134058609875e-05,0.000000000000000000e+00,2.828381019343746558e-05
1.044999999999988827e+00,2.457877044259202037e+01,1.974028878086383543e+01,1.145223985066620046e-05,0.000000000000000000e+00,2.465706407885805552e-05
1.047499999999988773e+00,2.462809794964598353e+01,1.969899549909391823e+01,1.149216672043830168e-05,0.000000000000000000e+00,2.089420976726825974e-05
1.049999999999988720e+00,2.467732194142465474e+01,1.965720676370434461e+01,1.050121260133469470e-05,0.000000000000000000e+00,1.698937602138538439e-05
1.052499999999988667e+00,2.472644122155909585e+01,1.961553387362545564e+01,1.004428627659090744e-05,0.000000000000000000e+00,1.293856399619268341e-05
1.054999999999988614e+00,2.477545672314602854e+01,1.957456288059540839e+01,9.836851147935767828e-06,0.000000000000000000e+00,8.736631873560177854e-06
1.057499999999988560e+00,2.482437018324437261e+01,1.953426265516520743e+01,1.000572573063792479e-05,0.000000000000000000e+00,4.377464403842635743e-06
1.059999999999988507e+00,2.487318326129667412e+01,1.949460243433253837e+01,9.803346644683300654e-06,0.000000000000000000e+00,-1.455778887935440862e-07
1.062499999999988454e+00,2.492189754004153102e+01,1.945555181520577648e+01,9.329271894302401444e-06,0.000000000000000000e+00,-4.839347264661926510e-06
1.064999999999988400e+00,2.497051452641046509e+01,1.941708074879207757e+01,9.264359834127099374e-06,0.000000000000000000e+00,-9.710426215608391725e-06
1.067499999999988347e+00,2.501903565240910865e+01,1.937915953362310617e+01,8.454889075210443225e-06,0.000000000000000000e+00,-1.476619566131306635e-05
1.069999999999988294e+00,2.506746227598240395e+01,1.934175880926366986e+01,8.177635074833390874e-06,0.000000000000000000e+00,-2.001366621677870086e-05
1.072499999999988241e+00,2.511579568186352063e+01,1.930484954952981624e+01,8.108703961276240570e-06,0.000000000000000000e+00,-2.546040340261969910e-05
1.074999999999988187e+00,2.516403708240573067e+01,1.926840305601337633e+01,7.951919291430282401e-06,0.000000000000000000e+00,-3.111578624847248639e-05
1.077499999999988134e+00,2.521218761839815059e+01,1.923239095131059528e+01,8.069258104097607457e-06,0.000000000000000000e+00,-3.698930092390879194e-05
1.079999999999988081e+00,2.526024835986446959e+01,1.919678517222653369e+01,7.608501727284787824e-06,0.000000000000000000e+00,-4.309179601833580561e-05
1.082499999999988027e+00,2.530822030684464252e+01,1.916155796302416192e+01,7.413542980462941510e-06,0.000000000000000000e+00,-4.943335016789245702e-05
1.084999999999987974e+00,2.535610439015983530e+01,1.912668186862580200e+01,6.912257292910432895e-06,0.000000000000000000e+00,-5.602546654968987923e-05
1.087499999999987921e+00,2.540390147216013617e+01,1.909212972777779171e+01,7.039232317988543886e-06,0.000000000000000000e+00,-6.287987772551290933e-05
1.089999999999987867e+00,2.545161234745543410e+01,1.905787466637912075e+01,6.890869096428641108e-06,0.000000000000000000e+00,-7.001017971148801625e-05
1.092499999999987814e+00,2.549923774362949302e+01,1.902389009080137683e+01,6.808607830391992603e-06,0.000000000000000000e+00,-7.743054571428069875e-05
1.094999999999987761e+00,2.554677832193751641e+01,1.899014968144408400e+01,6.919788805953400121e-06,0.000000000000000000e+00,-8.515628153342294016e-05
1.097499999999987708e+00,2.559423467798761109e+01,1.895662738641165035e+01,6.386922247820514587e-06,0.000000000000000000e+00,-9.320447211541412955e-05
1.099999999999987654e+00,2.564160734240665818e+01,1.892329741543778354e+01,6.281600368491790491e-06,0.000000000000000000e+00,-1.015916483123569073e-04
1.102499999999987601e+00,2.568889677994789267e+01,1.889011191279001878e+01,6.355017691313692769e-06,0.000000000000000000e+00,-1.103369078133631604e-04
1.104999999999987548e+00,2.573610331421161845e+01,1.885702567263016860e+01,6.256896005737646250e-06,0.000000000000000000e+00,-1.194612286522877913e-04
1.107499999999987494e+00,2.578322718112028511e+01,1.882401717103244465e+01,5.668338159428203575e-06,0.000000000000000000e+00,-1.289868665184617353e-04
1.109999999999987441e+00,2.583026856290211271e+01,1.879106508801413966e+01,5.182421839648930418e-06,0.000000000000000000e+00,-1.389363694429281127e-04
1.112499999999987388e+00,2.587722758859904815e+01,1.875814830406141454e+01,4.762190572159821577e-06,0.000000000000000000e+00,-1.493349406995037433e-04
1.114999999999987335e+00,2.592410433456614882e+01,1.872524589691246533e+01,4.617999433656635651e-06,0.000000000000000000e+00,-1.602094132056909603e-04
1.117499999999987281e+00,2.597089882496302238e+01,1.869233713937974883e+01,4.524402751856355142e-06,0.000000000000000000e+00,-1.715902448763102577e-04
1.119999999999987228e+00,2.601761103224120575e+01,1.865940149911040180e+01,3.976233309565780484e-06,0.000000000000000000e+00,-1.835107377603379113e-04
1.122499999999987175e+00,2.606424087763160813e+01,1.862641863936434561e+01,3.543854462477834843e-06,0.000000000000000000e+00,-1.960055514153809307e-04
1.124999999999987121e+00,2.611078823163411755e+01,1.859336842010521806e+01,3.150810925605436812e-06,0.000000000000000000e+00,-2.091129231000974319e-04
1.127499999999987068e+00,2.615725291451021661e+01,1.856023089912387647e+01,2.975582898136616618e-06,0.000000000000000000e+00,-2.228751075329890878e-04
1.129999999999987015e+00,2.620363469677808865e+01,1.852698633348089174e+01,2.896328803945499781e-06,0.000000000000000000e+00,-2.373389251093764433e-04
1.132499999999986962e+00,2.624993329971191969e+01,1.849361518103157564e+01,2.804016708814169135e-06,0.000000000000000000e+00,-2.525564434885726062e-04
1.134999999999986908e+00,2.629614839584466424e+01,1.846009810203720392e+01,2.700979261558248184e-06,0.000000000000000000e+00,-2.685850342444420845e-04
1.137499999999986855e+00,2.634227960947507796e+01,1.842641596066328802e+01,2.450011619052729233e-06,0.000000000000000000e+00,-2.854883758837064049e-04
1.139999999999986802e+00,2.638832651717829236e+01,1.839254982646710701e+01,2.256297366843216086e-06,0.000000000000000000e+00,-3.033357111529760885e-04
1.142499999999986748e+00,2.643428864832017311e+01,1.835848097582532290e+01,2.204947256069071043e-06,0.000000000000000000e+00,-3.222046652343422014e-04
1.144999999999986695e+00,2.648016548557512806e+01,1.832419089304417881e+01,2.300163058605410076e-06,0.000000000000000000e+00,-3.421820285590415904e-04
1.147499999999986642e+00,2.652595646544646257e+01,1.828966127126547647e+01,2.249879630187796371e-06,0.000000000000000000e+00,-3.633655154935024729e-04
1.149999999999986589e+00,2.657166097878895172e+01,1.825487401312123836e+01,2.288119100148419649e-06,0.000000000000000000e+00,-3.858637945374707710e-04
1.152499999999986535e+00,2.661727836498683075e+01,1.821972213754028047e+01,2.072175244310792717e-06,0.000000000000000000e+00,-4.098018028014310202e-04
1.154999999999986482e+00,2.666280761175970682e+01,1.818411417880137648e+01,1.539438668893609289e-06,0.000000000000000000e+00,-4.353203123145728032e-04
1.157499999999986429e+00,2.670824758160490120e+01,1.814805494316889778e+01,1.689441134811439567e-06,0.000000000000000000e+00,-4.625771681428009381e-04
1.159999999999986375e+00,2.675359714906020159e+01,1.811154928018074273e+01,1.316947486634791408e-06,0.000000000000000000e+00,-4.917557088895633394e-04
1.162499999999986322e+00,2.679885520081120731e+01,1.807460208093551657e+01,1.051119733234580788e-06,0.000000000000000000e+00,-5.230633988826078684e-04
1.164999999999986269e+00,2.684402063579403475e+01,1.803721827610367257e+01,6.133464828041796115e-07,0.000000000000000000e+00,-5.567398976860935336e-04
1.167499999999986215e+00,2.688909236529320168e+01,1.799940283367922333e+01,2.187339661278583934e-07,0.000000000000000000e+00,-5.930610147763206623e-04
1.169999999999986162e+00,2.693406931303349694e+01,1.796116075682414603e+01,-1.205406163872124866e-07,0.000000000000000000e+00,-6.323469376695725142e-04
1.172499999999986109e+00,2.697895041526680515e+01,1.792249708148945686e+01,-2.255344328135059193e-07,0.000000000000000000e+00,-6.749732178289848204e-04
1.174999999999986056e+00,2.702373462085260769e+01,1.788341687404366809e+01,-6.341849993496699248e-07,0.000000000000000000e+00,-7.213831587432709440e-04
1.177499999999986002e+00,2.706842089133276374e+01,1.784392522887418409e+01,-5.293221835981421182e-07,0.000000000000000000e+00,-7.721006515415951548e-04
1.179999999999985949e+00,2.711300820100008835e+01,1.780402726572608785e+01,-3.859259398094368089e-07,0.000000000000000000e+00,-8.277535056679405454e-04
1.182499999999985896e+00,2.715749553696016605e+01,1.776372812692413561e+01,-8.313621685902186761e-07,0.000000000000000000e+00,-8.890987991545404529e-04
1.184999999999985842e+00,2.720188189918635047e+01,1.772303297466130445e+01,-1.098748456791729504e-06,0.000000000000000000e+00,-9.570520723380236032e-04
1.187499999999985789e+00,2.724616630056780764e+01,1.768194698806849985e+01,-1.140862682728159392e-06,0.000000000000000000e+00,-1.032737120661146374e-03
1.189999999999985736e+00,2.729034776695013420e+01,1.764047536016518336e+01,-1.038540285934459674e-06,0.000000000000000000e+00,-1.117551962866055815e-03
1.192499999999985683e+00,2.733442533716834788e+01,1.759862329475240372e+01,-1.148543000270818472e-06,0.000000000000000000e+00,-1.213252859568407721e-03
1.194999999999985629e+00,2.737839806307210822e+01,1.755639600330817629e+01,-1.246312307115670500e-06,0.000000000000000000e+00,-1.322074901840555265e-03
1.197499999999985576e+00,2.742226500954311064e+01,1.751379870162058339e+01,-1.562144313512767024e-06,0.000000000000000000e+00,-1.446911528145134558e-03
1.199999999999985523e+00,2.746602525450388299e+01,1.747083660639051317e+01,-1.821206228267384759e-06,0.000000000000000000e+00,-1.591571032889862016e-03
1.202499999999985469e+00,2.750967789774288974e+01,1.742761484374789305e+01,-1.658311980842273377e-06,0.000000000000000000e+00,-1.761168765345198263e-03
1.204999999999985416e+00,2.755322238788358646e+01,1.738419622680302723e+01,-1.724589302975213300e-06,0.000000000000000000e+00,-1.962748659052218451e-03
1.207499999999985363e+00,2.759665820035111494e+01,1.734052372127732156e+01,-1.798066853680998316e-06,0.000000000000000000e+00,-2.206275898056368583e-03
1.209999999999985310e+00,2.763998466830553724e+01,1.729654088962931269e+01,-2.298907321308955591e-06,0.000000000000000000e+00,-2.506335550330726896e-03
1.212499999999985256e+00,2.768320098417818187e+01,1.725219196355436324e+01,-2.327668683987593166e-06,0.000000000000000000e+00,-2.885151838562882622e-03
1.214999999999985203e+00,2.772630620138141211e+01,1.720742190179027276e+01,-2.609208434770153947e-06,0.000000000000000000e+00,-3.378368200875354627e-03
1.217499999999985150e+00,2.776929923615344720e+01,1.716217643029183293e+01,-2.649891883770543035e-06,0.000000000000000000e+00,-4.046941614126469376e-03
1.219999999999985096e+00,2.781217886949313112e+01,1.711640206424071664e+01,-2.762138159484290480e-06,0.000000000000000000e+00,-5.004498075963689785e-03
1.222499999999985043e+00,2.785494374913915294e+01,1.707004611210340173e+01,-2.583962125591110721e-06,0.000000000000000000e+00,-6.489861414987906432e-03
1.224999999999984990e+00,2.789759239155003812e+01,1.702305666368932435e+01,-2.422410947940979375e-06,0.000000000000000000e+00,-9.105051807895846866e-03
1.227499999999984936e+00,2.794012318384575977e+01,1.697538256528916634e+01,-2.277514879194910414e-06,0.000000000000000000e+00,-1.492915289744038872e-02
1.229999999999984883e+00,2.798253438568129781e+01,1.692697338485371716e+01,-2.614368379410157149e-06,1.465201465201465374e-02,-3.923506042356662143e-02
1.232499999999984830e+00,2.802482413102808323e+01,1.687777936994682904e+01,-2.198181587242067822e-06,1.499999999999999822e+01,-1.799320399710864251e+02
1.234999999999984777e+00,2.806699042984768155e+01,1.682775140193890806e+01,-1.726554739397284655e-06,1.499999999999999822e+01,-1.799813696581516922e+02
1.237499999999984723e+00,2.810903117004293605e+01,1.677684159941273023e+01,-1.925769927508085638e-06,1.499999999999999822e+01,-1.799890645365494777e+02
1.239999999999984670e+00,2.815094411926039442e+01,1.672500117351292914e+01,-1.697321544700763960e-06,1.499999999999999822e+01,-1.799921917933104965e+02
1.242499999999984617e+00,2.819272692394438451e+01,1.667218263010758150e+01,-1.631369476005592728e-06,1.499999999999999822e+01,-1.799938873016374430e+02
1.244999999999984563e+00,2.823437711207253287e+01,1.661833893089099945e+01,-2.188040857884679680e-06,1.499999999999999822e+01,-1.799949509498582643e+02
1.247499999999984510e+00,2.827589209427332406e+01,1.656342345613564504e+01,-2.077212708981181082e-06,1.499999999999999822e+01,-1.799956803299830312e+02
1.249999999999984457e+00,2.831726916485263956e+01,1.650738997201595737e+01,-1.425114116536229966e-06,1.499999999999999822e+01,-1.799962115011938124e+02
1.252499999999984404e+00,2.835850553725965995e+01,1.645077613459473653e+01,-1.060190743821602492e-06,1.499999999999999822e+01,-1.799966156291988284e+02
1.254999999999984350e+00,2.839960036924516729e+01,1.639415383080039135e+01,-9.125313078465648647e-07,1.499999999999999822e+01,-1.799969334932369804e+02
1.257499999999984297e+00,2.844055364238395001e+01,1.633752779043624415e+01,-5.057926000730491137e-07,1.499999999999999822e+01,-1.799971901050568590e+02
1.259999999999984244e+00,2.848136534990385016e+01,1.628090243852313890e+01,-1.005114256211706103e-06,1.499999999999999822e+01,-1.799974016477437146e+02
1.262499999999984190e+00,2.852203549592246645e+01,1.622428189244701713e+01,-1.433328667139726786e-06,1.499999999999999822e+01,-1.799975790755726166e+02
1.264999999999984137e+00,2.856256409467606616e+01,1.616766995807549989e+01,-1.002682449243728561e-06,1.499999999999999822e+01,-1.799977300538129157e+02
1.267499999999984084e+00,2.860295116973838603e+01,1.611107012481974721e+01,-8.689445206450244656e-07,1.499999999999999822e+01,-1.799978601028477385e+02
1.269999999999984031e+00,2.864319675322614245e+01,1.605448555863048554e+01,-6.643125204399233232e-07,1.499999999999999822e+01,-1.799979733072481736e+02
1.272499999999983977e+00,2.868330088498574426e+01,1.599791909381690047e+01,-8.457769548531273053e-07,1.499999999999999822e+01,-1.799980727506864753e+02
1.274999999999983924e+00,2.872326361175936427e+01,1.594137322314936611e+01,-5.205953971183113070e-07,1.499999999999999822e+01,-1.799981608081570243e+02
1.277499999999983871e+00,2.876308498632484145e+01,1.588485008657550424e+01,-6.529317450382510429e-07,1.499999999999999822e+01,-1.799982393331841308e+02
1.279999999999983817e+00,2.880276506660684177e+01,1.582835145865369597e+01,-9.866842884582757233e-07,1.499999999999999822e+01,-1.799983098002473412e+02
1.282499999999983764e+00,2.884230391475583843e+01,1.577187873424047382e+01,-1.170614847577268020e-06,1.499999999999999822e+01,-1.799983733946527877e+02
1.284999999999983711e+00,2.888170159619001964e+01,1.571543291300337408e+01,-1.516044357846038786e-06,1.499999999999999822e+01,-1.799984310795040869e+02
1.287499999999983658e+00,2.892095817859854634e+01,1.565901458301198090e+01,-1.848003985880068589e-06,1.499999999999999822e+01,-1.799984836459098005e+02
1.289999999999983604e+00,2.896007373090258596e+01,1.560262390298600543e+01,-1.760948575908508343e-06,1.499999999999999822e+01,-1.799985317494629271e+02
1.292499999999983551e+00,2.899904832217155359e+01,1.554626058373662900e+01,-2.042175613779364393e-06,1.499999999999999822e+01,-1.799985759357643644e+02
1.294999999999983498e+00,2.903788202049259937e+01,1.548992386895377749e+01,-2.202800740990424233e-06,1.499999999999999822e+01,-1.799986166665916016e+02
1.297499999999983444e+00,2.907657479161925806e+01,1.543375342799248529e+01,-2.373233654394297539e-06,1.499999999999999822e+01,-1.799986543308395426e+02
1.299999999999983391e+00,2.911512754967002437e+01,1.537824593660114303e+01,-2.427228077310149077e-06,1.499999999999999822e+01,-1.799986892589474508e+02
1.302499999999983338e+00,2.915354184184903019e+01,1.532241920074943309e+01,-2.525797374037954304e-06,1.499999999999999822e+01,-1.799987217405875697e+02
1.304999999999983284e+00,2.919181583144419179e+01,1.526524963796138401e+01,-2.702936509023556593e-06,1.499999999999999822e+01,-1.799987520278003217e+02
1.307499999999983231e+00,2.922994617183833910e+01,1.520708182338059444e+01,-2.708082122720914938e-06,1.499999999999999822e+01,-1.799987803372596034e+02
1.309999999999983178e+00,2.926793063470000433e+01,1.514808970085428008e+01,-2.532682687622231989e-06,1.499999999999999822e+01,-1.799988068566787263e+02
1.312499999999983125e+00,2.930576713661124799e+01,1.508823334292528884e+01,-2.635152884184786975e-06,1.499999999999999822e+01,-1.799988317498872448e+02
1.314999999999983071e+00,2.934345349446007134e+01,1.502747302856248091e+01,-2.724936404993639818e-06,1.499999999999999822e+01,-1.799988551620488408e+02
1.317499999999983018e+00,2.938098742594206314e+01,1.496576921650330938e+01,-2.927272301268231315e-06,1.499999999999999822e+01,-1.799988772212009565e+02
1.319999999999982965e+00,2.941836654999382006e+01,1.490308251705005738e+01,-2.776987303345085508e-06,1.499999999999999822e+01,-1.799988980417906532e+02
1.322499999999982911e+00,2.945558838715566097e+01,1.483937366351232257e+01,-2.476076230628065888e-06,1.499999999999999822e+01,-1.799989177239188507e+02
1.324999999999982858e+00,2.949265035986325856e+01,1.477460348447306160e+01,-2.178484221108410710e-06,1.499999999999999822e+01,-1.799989363569403906e+02
1.327499999999982805e+00,2.952954979267037317e+01,1.470873287767098603e+01,-2.445519082881964271e-06,1.499999999999999822e+01,-1.799989540203475258e+02
1.329999999999982752e+00,2.956628391240778342e+01,1.464172278583382969e+01,-2.201742118893918895e-06,1.499999999999999822e+01,-1.799989707880120875e+02
1.332499999999982698e+00,2.960284984828278709e+01,1.457353417513250982e+01,-2.135559264052547777e-06,1.499999999999999822e+01,-1.799989867241382342e+02
1.334999999999982645e+00,2.963924463192665115e+01,1.450412801644116456e+01,-2.191464962044213701e-06,1.499999999999999822e+01,-1.799990018877913371e+02
1.337499999999982592e+00,2.967546519739675404e+01,1.443346526947905240e+01,-1.962147600941675863e-06,1.499999999999999822e+01,-1.799990163328595827e+02
1.339999999999982538e+00,2.971150838114091286e+01,1.436150686998005810e+01,-2.077223103818220534e-06,1.499999999999999822e+01,-1.799990301075386867e+02
1.342499999999982485e+00,2.974737092193096544e+01,1.428821371965363163e+01,-1.872036528674205805e-06,1.499999999999999822e+01,-1.799990432556809594e+02
1.344999999999982432e+00,2.978304946077317794e+01,1.421354667897449708e+01,-1.976285294059942668e-06,1.499999999999999822e+01,-1.799990558179634093e+02
1.347499999999982379e+00,2.981854054080185179e+01,1.413746656236043897e+01,-1.965407271781313429e-06,1.499999999999999822e+01,-1.799990678308579959e+02
1.349999999999982325e+00,2.985384060716251398e+01,1.405993413620000432e+01,-2.018871651926457141e-06,1.499999999999999822e+01,-1.799990793285391533e+02
1.352499999999982272e+00,2.988894599642658889e+01,1.398072300279296165e+01,-2.971512490937930214e-06,1.499999999999999822e+01,-1.799990903416519359e+02
1.354999999999982219e+00,2.992385228481135329e+01,1.389958927445467296e+01,-1.966326515020136372e-06,1.499999999999999822e+01,-1.799991009011522465e+02
1.357499999999982165e+00,2.995855462873677411e+01,1.381646722804302740e+01,-1.171244557290308537e-06,1.499999999999999822e+01,-1.799991110295831618e+02
1.359999999999982112e+00,2.999304802021182681e+01,1.373129095447732517e+01,-1.144619976709631346e-06,1.499999999999999822e+01,-1.799991207478275044e+02
1.362499999999982059e+00,3.002732728637778692e+01,1.364399437611586130e+01,-1.285736240338978764e-06,1.499999999999999822e+01,-1.799991300784088537e+02
1.364999999999982006e+00,3.006138708909878332e+01,1.355451127040294601e+01,-6.869124432707221814e-07,1.499999999999999822e+01,-1.799991390414553223e+02
1.367499999999981952e+00,3.009522192461542645e+01,1.346277529830758724e+01,8.059704753900850751e-07,1.499999999999999822e+01,-1.799991476545704074e+02
1.369999999999981899e+00,3.012882612327036114e+01,1.336872003758718463e+01,1.683319276864898019e-06,1.499999999999999822e+01,-1.799991559308852231e+02
1.372499999999981846e+00,3.016219384932197300e+01,1.327227902111296487e+01,2.170461031561815357e-06,1.499999999999999822e+01,-1.799991638841026429e+02
1.374999999999981792e+00,3.019531910085451543e+01,1.317338577887711182e+01,2.430693780090093141e-06,1.499999999999999822e+01,-1.799991715296930863e+02
1.377499999999981739e+00,3.022819570979651616e+01,1.307197388519785086e+01,1.978157163813303359e-06,1.499999999999999822e+01,-1.799991788816127780e+02
1.379999999999981686e+00,3.026081734205994067e+01,1.296797700970351386e+01,5.151169591791637238e-07,1.499999999999999822e+01,-1.799991859538945960e+02
1.382499999999981632e+00,3.029317749780835811e+01,1.286132897211847848e+01,1.214133979103689500e-07,1.499999999999999822e+01,-1.799991927635485069e+02
1.384999999999981579e+00,3.032526951186498110e+01,1.275196380122570261e+01,9.446638436442787309e-07,1.499999999999999822e+01,-1.799991993220651239e+02
1.387499999999981526e+00,3.035708655426903846e+01,1.263981579651770026e+01,3.608025383819680853e-06,1.499999999999999822e+01,-1.799992056390247512e+02
1.389999999999981473e+00,3.038862163098903579e+01,1.252481959340086348e+01,3.823173070501312236e-06,1.499999999999999822e+01,-1.799992117184979747e+02
1.392499999999981419e+00,3.041986758480059194e+01,1.240691023248670000e+01,4.055850639669599642e-06,1.499999999999999822e+01,-1.799992175698320978e+02
1.395000000000000018e+00,3.045081709633979727e+01,1.228602323086451520e+01,4.712436894667348651e-06,1.499999999999999822e+01,-1.799992232011381645e+02
1.397499999999999964e+00,3.048146268521688995e+01,1.216209267917236581e+01,4.084627504349448167e-06,1.499999999999999822e+01,-1.799992286200132980e+02
1.399999999999999911e+00,3.051179670458201798e+01,1.203505322286727619e+01,6.023803534006118267e-06,1.499999999999999822e+01,-1.799992338365582327e+02
1.402499999999999858e+00,3.054181140394530303e+01,1.190580790184056958e+01,6.294959512946413164e-06,1.499999999999999822e+01,-1.799992388557069205e+02
1.404999999999999805e+00,3.057150227618454252e+01,1.177530173043036932e+01,6.604899837304219726e-06,1.499999999999999822e+01,-1.799992436882295408e+02
1.407499999999999751e+00,3.060086616987585018e+01,1.164353598552223623e+01,7.293325802626478604e-06,1.499999999999999822e+01,-1.799992483426643446e+02
1.409999999999999698e+00,3.062989993689258839e+01,1.151051213059716360e+01,6.982815051909802267e-06,1.499999999999999822e+01,-1.799992528255015429e+02
1.412499999999999645e+00,3.065860043287125691e+01,1.137623181595912136e+01,8.861574170773428431e-06,1.499999999999999822e+01,-1.799992571448505885e+02
1.414999999999999591e+00,3.068696451768050792e+01,1.124069687859298305e+01,7.928814038158137347e-06,1.499999999999999822e+01,-1.799992613060468329e+02
1.417499999999999538e+00,3.071498905588781980e+01,1.110390934334824031e+01,9.925979755565661160e-06,1.499999999999999822e+01,-1.799992653171057952e+02
1.419999999999999485e+00,3.074267091722870759e+01,1.096587142524007774e+01,1.018669989838448315e-05,1.499999999999999822e+01,-1.799992691806995140e+02
1.422499999999999432e+00,3.077000697708451327e+01,1.082658553045851058e+01,1.274310290215754872e-05,1.499999999999999822e+01,-1.799992729037023196e+02
1.424999999999999378e+00,3.079699411695954225e+01,1.068605425638026674e+01,1.291467695075551254e-05,1.499999999999999822e+01,-1.799992764868025574e+02
1.427499999999999325e+00,3.082362922495970636e+01,1.054428039229141589e+01,1.343127419409581280e-05,1.499999999999999822e+01,-1.799992799348648305e+02
1.429999999999999272e+00,3.084990919627347594e+01,1.040126691900112910e+01,1.562570649535168947e-05,1.499999999999999822e+01,-1.799992832550440767e+02
1.432499999999999218e+00,3.087583093364946407e+01,1.025701701194165949e+01,1.791885160588304812e-05,1.499999999999999822e+01,-1.799992864475949546e+02
1.434999999999999165e+00,3.090139134788575603e+01,1.011153404310477022e+01,1.666303734478549040e-05,1.499999999999999822e+01,-1.799992895134974731e+02
1.437499999999999112e+00,3.092658735831978589e+01,9.964821578681782199e+00,1.543570341830397195e-05,1.499999999999999822e+01,-1.799992924620752603e+02
1.439999999999999059e+00,3.095141589331614895e+01,9.816883380782552848e+00,1.646167660913511408e-05,1.499999999999999822e+01,-1.799992952978525409e+02
1.442499999999999005e+00,3.097587389075450304e+01,9.667723407155765614e+00,1.793488641499965057e-05,1.499999999999999822e+01,-1.799992980246851175e+02
1.444999999999998952e+00,3.099995829851938467e+01,9.517345812734419042e+00,1.829775178154208993e-05,1.499999999999999822e+01,-1.799993006447967900e+02
1.447499999999998899e+00,3.102366607499381246e+01,9.365754949434515808e+00,2.144147157662181435e-05,1.499999999999999822e+01,-1.799993031611322465e+02
1.449999999999998845e+00,3.104699418955301127e+01,9.212955367554631181e+00,1.938998915800443730e-05,1.499999999999999822e+01,-1.799993055735762653e+02
1.452499999999998792e+00,3.106993970384230508e+01,9.060244297723068385e+00,1.848831094280160039e-05,1.499999999999999822e+01,-1.799993078898107228e+02
1.454999999999998739e+00,3.109250422091842481e+01,8.908915174577158425e+00,1.721321358642957503e-05,1.499999999999999822e+01,-1.799993101162103244e+02
1.457499999999998685e+00,3.111469119597061450e+01,8.758968098023432347e+00,1.916193039140747631e-05,1.499999999999999822e+01,-1.799993122585756566e+02
1.459999999999998632e+00,3.113650408388042479e+01,8.610402201098773745e+00,2.210658880350405614e-05,1.499999999999999822e+01,-1.799993143187982412e+02
1.462499999999998579e+00,3.115794633683057668e+01,8.463215697489845368e+00,2.215010094232414356e-05,1.499999999999999822e+01,-1.799993162956457411e+02
1.464999999999998526e+00,3.117902140203621641e+01,8.317405929666358944e+00,2.057674076241365968e-05,1.499999999999999822e+01,-1.799993181931302786e+02
1.467499999999998472e+00,3.119973271959011640e+01,8.172969414626367168e+00,2.062814444343094017e-05,1.499999999999999822e+01,-1.799993200170659122e+02
1.469999999999998419e+00,3.122008372042740021e+01,8.029901885581470111e+00,2.130850868797168237e-05,1.499999999999999822e+01,-1.799993217700136370e+02
1.472499999999998366e+00,3.124007782438482650e+01,7.888198333001283480e+00,2.074544601480563324e-05,1.499999999999999822e+01,-1.799993234545641201e+02
1.474999999999998312e+00,3.125971843836861552e+01,7.747853042050251382e+00,1.824668052111100462e-05,1.499999999999999822e+01,-1.799993250744824422e+02
1.477499999999998259e+00,3.127900895461272412e+01,7.608859631236981613e+00,1.557232243481732986e-05,1.499999999999999822e+01,-1.799993266355943149e+02
1.479999999999998206e+00,3.129795274903097990e+01,7.471211084762406252e+00,1.617579072045126400e-05,1.499999999999999822e+01,-1.799993281428145337e+02
1.482499999999998153e+00,3.131655317965048013e+01,7.334899786385991938e+00,1.497311479383544345e-05,1.499999999999999822e+01,-1.799993295979877530e+02
1.484999999999998099e+00,3.133481358512881698e+01,7.199917549776685632e+00,1.402479331122373268e-05,1.499999999999999822e+01,-1.799993310047138095e+02
1.487499999999998046e+00,3.135273728334421861e+01,7.066255648692467695e+00,1.601243177739354142e-05,1.499999999999999822e+01,-1.799993323656992175e+02
1.489999999999997993e+00,3.137032757006500105e+01,6.933904845240575376e+00,1.645302333739770157e-05,1.499999999999999822e+01,-1.799993336802401984e+02
1.492499999999997939e+00,3.138758771768167222e+01,6.802855414103895271e+00,1.476376061527729398e-05,1.499999999999999822e+01,-1.799993349489985803e+02
1.494999999999997886e+00,3.140452097400552844e+01,6.673097168030924564e+00,1.299640419742812568e-05,1.499999999999999822e+01,-1.799993361764919371e+02
1.497499999999997833e+00,3.142113056112503600e+01,6.544619481366473757e+00,1.249026240798210017e-05,1.499999999999999822e+01,-1.799993373654585298e+02
1.499999999999997780e+00,3.143741967432503515e+01,6.417411311841262567e+00,1.343702104358000205e-05,1.499999999999999822e+01,-1.799993385179753034e+02
1.502499999999997726e+00,3.145339139393068351e+01,6.290063928340869914e+00,1.319138402892123357e-05,1.499999999999999822e+01,-1.799993396340109371e+02
1.504999999999997673e+00,3.146904387269469083e+01,6.161169331439131369e+00,1.332249227008835067e-05,1.499999999999999822e+01,-1.799993407149621021e+02
1.507499999999997620e+00,3.148437323590106374e+01,6.030715748501866535e+00,1.212447883441850776e-05,1.499999999999999822e+01,-1.799993417609656490e+02
1.509999999999997566e+00,3.149937557955794531e+01,5.898691685411898256e+00,1.173679287522963624e-05,1.499999999999999822e+01,-1.799993427738346838e+02
1.512499999999997513e+00,3.151404697110001862e+01,5.765085933807905683e+00,1.216417473489908352e-05,1.499999999999999822e+01,-1.799993437552714113e+02
1.514999999999997460e+00,3.152838345010520626e+01,5.629887579287295551e+00,1.229799014714683716e-05,1.499999999999999822e+01,-1.799993447053360285e+02
1.517499999999997407e+00,3.154238102903467578e+01,5.493086008828729661e+00,1.298068583870821076e-05,1.499999999999999822e+01,-1.799993456245495338e+02
1.519999999999997353e+00,3.155603569399097097e+01,5.354670917374966699e+00,1.353526422467070065e-05,1.499999999999999822e+01,-1.799993465132149595e+02
1.522499999999997300e+00,3.156934340549045359e+01,5.214632314948255853e+00,1.498096501115271034e-05,1.499999999999999822e+01,-1.799993473709994873e+02
1.524999999999997247e+00,3.158230009925535242e+01,5.072960533690586971e+00,1.515435376355976109e-05,1.499999999999999822e+01,-1.799993481967709670e+02
1.527499999999997193e+00,3.159490168702432911e+01,4.929646236474862775e+00,1.548811312442127666e-05,1.499999999999999822e+01,-1.799993489912478708e+02
1.529999999999997140e+00,3.160714405738285748e+01,4.784680423914080549e+00,1.709020585955171623e-05,1.499999999999999822e+01,-1.799993497550730694e+02
1.532499999999997087e+00,3.161902307661218003e+01,4.638054440666423694e+00,1.641585778143469295e-05,1.499999999999999822e+01,-1.799993504872497851e+02
1.534999999999997033e+00,3.163053458955083386e+01,4.489759982585662890e+00,1.625942025056092481e-05,1.499999999999999822e+01,-1.799993511888567070e+02
1.537499999999996980e+00,3.164167442047947887e+01,4.339789103763288303e+00,1.731376730487058991e-05,1.499999999999999822e+01,-1.799993518611077548e+02
1.539999999999996927e+00,3.165243837401934712e+01,4.188134223558487079e+00,1.681038833996404734e-05,1.499999999999999822e+01,-1.799993525030638750e+02
1.542499999999996874e+00,3.166282223604909518e+01,4.034788132498952073e+00,1.913346776573042756e-05,1.499999999999999822e+01,-1.799993531162654961e+02
1.544999999999996820e+00,3.167282177463429704e+01,3.879743998603504274e+00,1.819528850874976256e-05,1.499999999999999822e+01,-1.799993536992275267e+02
1.547499999999996767e+00,3.168243274097844875e+01,3.722995374855021300e+00,1.739158941162547738e-05,1.499999999999999822e+01,-1.799993542538688303e+02
1.549999999999996714e+00,3.169165087038616235e+01,3.564536205839253569e+00,1.925100454394143822e-05,1.499999999999999822e+01,-1.799993547812889858e+02
1.552499999999996660e+00,3.170047180004711862e+01,3.402957894296256391e+00,1.817617104708462138e-05,1.499999999999999822e+01,-1.799993552808072934e+02
1.554999999999996607e+00,3.170888621724512291e+01,3.236796505143852087e+00,2.003741889625395206e-05,1.499999999999999822e+01,-1.799993557536539015e+02
1.557499999999996554e+00,3.171688261353651583e+01,3.065962474264071869e+00,1.944434754409226561e-05,1.499999999999999822e+01,-1.799993561984117889e+02
1.559999999999996501e+00,3.172444925766441060e+01,2.890368207916146126e+00,2.047412114372883154e-05,1.499999999999999822e+01,-1.799993566161484466e+02
1.562499999999996447e+00,3.173157420054799260e+01,2.709928193719372658e+00,2.260607514215479368e-05,1.499999999999999822e+01,-1.799993570060331933e+02
1.564999999999996394e+00,3.173824528054889527e+01,2.524559112763793856e+00,2.037152902164473335e-05,1.499999999999999822e+01,-1.799993573675729124e+02
1.567499999999996341e+00,3.174445012901738394e+01,2.334179952061116836e+00,1.957591565619904776e-05,1.499999999999999822e+01,-1.799993577031569032e+02
1.569999999999996287e+00,3.175017617611844400e+01,2.138712117318015249e+00,1.619163714697012714e-05,1.499999999999999822e+01,-1.799993580149119055e+02
1.572499999999996234e+00,3.175541065694191900e+01,1.938079541402918382e+00,1.855138679405795327e-05,1.499999999999999822e+01,-1.799993583055974966e+02
1.574999999999996181e+00,3.176014061788410459e+01,1.732208799705609481e+00,2.389280663693719463e-05,1.499999999999999822e+01,-1.799993585742924722e+02
1.577499999999996128e+00,3.176435292331364479e+01,1.521029222252740398e+00,2.385349554046764848e-05,1.499999999999999822e+01,-1.799993588171855379e+02
1.579999999999996074e+00,3.176803426252054763e+01,1.304472999059052452e+00,2.615071708312931780e-05,1.499999999999999822e+01,-1.799993590355273625e+02
1.582499999999996021e+00,3.177117115692845672e+01,1.082475291984493992e+00,2.915414529562573943e-05,1.499999999999999822e+01,-1.799993592275500873e+02
1.584999999999995968e+00,3.177374996758233294e+01,8.549743471969699637e-01,3.037670373127931349e-05,1.499999999999999822e+01,-1.799993593917519661e+02
1.587499999999995914e+00,3.177575690292736255e+01,6.219116043746600875e-01,2.403035179680922858e-05,1.499999999999999822e+01,-1.799993595283947059e+02
1.589999999999995861e+00,3.177717802684365012e+01,3.832318046018896585e-01,2.608157168754376358e-05,1.499999999999999822e+01,-1.799993596430723528e+02
1.592499999999995808e+00,3.177799926696931010e+01,1.388831040851309651e-01,3.016044285034413287e-05,1.499999999999999822e+01,-1.799993597359252249e+02
